Player,School,c_G,c_FGP,c_3PP,c_FTP,c_TRB,c_AST,c_STL,c_BLK,c_TOV,c_PTS
Jaylen Adams,St. Bonaventure,110,0.427,0.394,0.838,3.4,5.4,1.5,0.2,2.9,17.4
Deng Adel,Louisville,89,0.438,0.348,0.776,4.1,2,0.5,0.3,1.7,11.2
DeVaughn Akoon-Purcell,Illinois State,60,0.428,0.301,0.739,5.3,1.6,1,0.3,2.3,13.5
Rawle Alkins,Arizona,60,0.45,0.365,0.729,4.9,2.2,1,0.6,2.1,11.8
Grayson Allen,Duke,142,0.43,0.38,0.834,3.2,3,1,0.1,1.7,14.1
Kostas Antetokounmpo,Dayton,29,0.574,0.133,0.516,2.9,0.4,0.2,1.1,1.3,5.2
Deandre Ayton,Arizona,35,0.612,0.343,0.733,11.6,1.6,0.6,1.9,2,20.1
Mohamed Bamba,Texas,30,0.541,0.275,0.681,10.5,0.5,0.8,3.7,1.5,12.9
Keita Bates-Diop,Ohio State,109,0.472,0.352,0.776,5.7,1.1,0.6,1.2,1.2,11.7
Jaron Blossomgame,Clemson,128,0.488,0.316,0.724,6.5,1.1,0.6,0.7,1.5,13.5
Jonah Bolden,UCLA,31,0.415,0.25,0.733,4.8,1.1,0.7,0.9,0.8,4.6
Mikal Bridges,Villanova,116,0.525,0.4,0.845,4.3,1.6,1.4,0.9,1.1,11.3
Miles Bridges,Michigan State,62,0.47,0.375,0.776,7.6,2.4,0.6,1.1,2.1,17
Isaiah Briscoe,Kentucky,70,0.455,0.229,0.555,5.4,3.7,0.9,0.2,2.2,10.9
Ryan Broekhoff,Valparaiso,134,0.464,0.408,0.818,6.3,1.8,1,0.7,1.4,11.9
Bruce Brown,Hampton,114,0.602,0.333595588,0.47,5,0.4,0.2,1.2,1.8,9
Troy Brown,Providence,118,0.48,0.522,0.688,4.2,0.3,0.3,0.5,1.883079057,5.9
Jalen Brunson,Villanova,116,0.51,0.393,0.82,2.5,3.7,0.8,0,1.9,14.4
Deonte Burton,Nevada,130,0.439,0.337,0.751,2.9,4,1.3,0.4,2.2,16.2
Jevon Carter,West Virginia,144,0.407,0.355,0.798,3.7,3.9,2.3,0.2,1.8,12.2
Wendell Carter,Texas,48,0.505,0.667,0.364,1.8,0.2,0.4,0.4,1.883079057,2.5
Troy Caupain,Cincinnati,137,0.397,0.338,0.762,3.6,3.8,1.1,0.2,1.6,9.6
Joe Chealey,College of Charleston,129,0.404,0.347,0.805,3.5,3.1,0.9,0.1,1.9,14.2
Chris Chiozza,Florida,139,0.391,0.327,0.747,3.2,4.1,1.4,0.1,1.6,7.4
Gary Clark,Wake Forest,109,0.451,0.434,0.752,1.1,0.7,0.6,0.1,0.8,5.1
Bonzie Colson,Notre Dame,125,0.528,0.35,0.772,7.2,1,1,1.2,1,13.1
Tyler Davis,Dartmouth,43,0.296,0.231,0.629,0.6,0.2,0.2,0.1,0.3,1.4
Marcus Derrickson,Georgetown,89,0.459,0.397,0.856,5.6,1.4,0.5,0.6,1.7,10.3
Hamidou Diallo,Kentucky,37,0.428,0.338,0.616,3.6,1.2,0.8,0.4,1.4,10
Donte DiVincenzo,Villanova,85,0.469,0.378,0.705,4,2.4,0.9,0.2,1.6,10.2
Trevon Duval,Duke,37,0.428,0.29,0.596,2,5.6,1.5,0.1,2.8,10.3
Vince Edwards,Western Kentucky,53,0.39,0,0.423,1,1,0.3,0.1,1.883079057,1.4
Drew Eubanks,Oregon State,96,0.598,0.333595588,0.693,6.6,0.9,0.5,1.7,2,11.7
Jacob Evans,Cincinnati,105,0.429,0.377,0.755,4.3,2.5,1.1,0.9,1.3,11.7
Melvin Frazier,Tulane,94,0.481,0.312,0.653,4.4,1.7,1.6,0.5,2,10.6
Billy Garrett,DePaul,125,0.386,0.323,0.841,2.7,3.5,0.9,0.2,2.6,13.1
Harry Giles,Duke,26,0.577,0.333595588,0.5,3.8,0.3,0.3,0.7,0.7,3.9
Shai Gilgeous-Alexander,Kentucky,37,0.485,0.404,0.817,4.1,5.1,1.6,0.5,2.7,14.4
Brandon Goodwin,Florida Gulf Coast,68,0.49,0.314,0.769,5,4.4,1.3,0.1,2.5,18.5
Devonte' Graham,Kansas,142,0.422,0.409,0.787,3.1,4.5,1.4,0.1,1.9,12.3
Donte Grantham,Clemson,114,0.414,0.333,0.726,4.8,1.9,0.9,0.7,1.5,9.6
Dusty Hannahs,Arkansas,68,0.448,0.41,0.889,2,1.1,0.5,0.1,1.5,15.4
Aaron Holiday,UCLA,101,0.45,0.422,0.795,3.2,4.7,1.2,0.2,3,14.3
Kevin Huerter,Maryland,65,0.466,0.394,0.748,5,3,0.8,0.7,1.9,12
Isaac Humphries,Kentucky,61,0.473,0.333595588,0.65,2.7,0.2,0.2,0.6,0.4,2.4
Chandler Hutchison,Boise State,123,0.476,0.353,0.687,5.5,2.1,1,0.2,1.9,12
Frank Jackson,Georgia Southern,52,0.472,0.333595588,0.55,4.3,0.3,0.2,1,1.883079057,5
Jaren Jackson,Georgetown,130,0.444,0.365,0.709,2.9,1.2,1,0.2,1.3,7.5
Amile Jefferson,Duke,150,0.62,0.333595588,0.575,6.3,0.9,0.6,0.9,0.9,7.2
Alize Johnson,Missouri State,66,0.457,0.325,0.716,11.1,2.4,0.5,0.3,2.3,14.9
B.J. Johnson,Villanova,29,0.188,0,0.692,0.4,0.1,0.3,0,0.3,0.5
Jemerrio Jones,New Mexico State,68,0.503,0.138,0.573,10.8,3.1,1.1,0.6,2.2,10.4
George King,Colorado,127,0.444,0.401,0.731,5.4,0.7,0.4,0.3,1.5,10.2
Kevin Knox,Kentucky,37,0.445,0.341,0.774,5.4,1.4,0.8,0.3,2.3,15.6
Zach Lofton,New Mexico State,33,0.456,0.38,0.772,5,1.7,1.1,0.1,2.2,20.1
Jordan Loyd,Furman,28,0.367,0.259,0.661,3.5,1.8,0.5,0.1,1.6,5.9
Daryl Macon,Arkansas,71,0.45,0.405,0.871,2.8,3.1,1.1,0.1,1.8,15.1
J.P. Macura,Xavier,141,0.448,0.352,0.798,3.2,2.1,1.2,0.2,1.5,10.6
Yante Maten,Georgia,128,0.483,0.403,0.755,6.9,1,0.4,1.6,1.9,14.7
Tahjere McCall,Tennessee State,58,0.445,0.266,0.699,5.1,4,2.6,0.4,3.4,14.5
De'Anthony Melton,USC,36,0.437,0.284,0.706,4.7,3.5,1.9,1,1.8,8.3
Chimezie Metu,USC,104,0.533,0.302,0.692,6.3,1.2,0.7,1.6,1.7,12.3
Sviatoslav Mykhailiuk,Kansas,136,0.428,0.409,0.746,2.5,1.5,0.7,0.2,1.1,8.7
Josh Okogie,Georgia Tech,61,0.437,0.382,0.777,5.8,2,1.5,0.8,2.3,16.9
Theo Pinson,UNC,122,0.431,0.257,0.734,4.4,3.4,0.8,0.3,1.5,6.3
Cameron Reynolds,Tulane,135,0.387,0.334,0.716,4.5,1.2,0.6,0.3,1.2,10.1
Duncan Robinson,Michigan,115,0.455,0.419,0.864,2.5,1.2,0.6,0.3,0.7,9.3
Jerome Robinson,Bradley,113,0.44,0.375,0.741,3.2,1.8,0.8,0.6,1.5,8.4
Brandon Sampson,LSU,85,0.442,0.324,0.745,2.3,1,0.6,0.2,1.3,7.9
Collin Sexton,Alabama,33,0.447,0.336,0.778,3.8,3.6,0.8,0.1,2.8,19.2
Landry Shamet,Wichita State,71,0.48,0.437,0.811,3,4.1,0.8,0.2,1.5,12.9
Jordan Sibert,Dayton,73,0.456,0.384,0.76,2.8,1.7,1.3,0.1,1.5,14.1
Zhaire Smith,Texas Tech,37,0.556,0.45,0.717,5,1.8,1.1,1.1,1.1,11.3
Omari Spellman,Villanova,40,0.476,0.433,0.7,8,0.8,0.7,1.5,1,10.9
Jared Terrell,Rhode Island,134,0.406,0.365,0.763,3,2.1,1.3,0.2,1.7,13.1
Khyri Thomas,Creighton,102,0.511,0.406,0.719,4.6,2.5,1.4,0.3,1.6,11.2
Gary Trent,Ohio,93,0.573,0.246,0.687,11.3,2,0.6,1.1,3.3,22.7
Allonzo Trier,Arizona,78,0.479,0.378,0.827,3.7,2.4,0.5,0.2,2,16.8
Jarred Vanderbilt,Kentucky,14,0.426,0,0.632,7.9,1,0.4,0.8,1.1,5.9
Moritz Wagner,Michigan,107,0.547,0.385,0.698,4.5,0.5,0.8,0.4,1.2,10.4
Brad Wanamaker,Pitt,134,0.437,0.344,0.722,3.9,3.4,1,0.2,1.9,8.1
Julian Washburn,UTEP,130,0.435,0.341,0.699,3.8,2.1,0.9,0.4,1.6,11.7
Yuta Watanabe,George Washington,134,0.425,0.337,0.788,4.5,1.5,0.7,1.1,1.3,10.9
Thomas Welsh,UCLA,132,0.537,0.407,0.798,7.8,0.8,0.4,1.1,0.7,9.5
Johnathan Williams,Charlotte,14,0.25,0.5,0.5,0.1,0.1,0.1,0,0.4,0.5
Kenrich Williams,TCU,102,0.484,0.375,0.625,8.6,2.7,1.4,0.7,1.4,11
Robert Williams,Florida Atlantic,122,0.487,0.333595588,0.551,4.7,0.4,0.4,0.6,1.2,6.6
Trae Young,Oklahoma,32,0.422,0.36,0.861,3.9,8.7,1.7,0.3,5.2,27.4
Jarrett Allen,Texas,33,0.566,0,0.564,8.4,0.8,0.6,1.5,2.5,13.4
Kadeem Allen,Arizona,68,0.459,0.4,0.725,3.6,3.3,1.3,0.7,2,9.1
Ike Anigbogu,UCLA,29,0.564,0.333595588,0.535,4,0.2,0.2,1.2,0.8,4.7
OG Anunoby,Indiana,50,0.563,0.365,0.522,3.5,0.8,1,0.9,1.1,6.8
Ryan Arcidiacono,Villanova,144,0.397,0.358,0.8,2.3,3.7,1.2,0,1.8,11.1
Jamel Artis,Pitt,135,0.47,0.378,0.759,4.6,2.3,0.5,0.3,1.9,12.6
Dwayne Bacon,Florida State,69,0.449,0.312,0.733,5,1.6,1,0.1,2.1,16.5
Lonzo Ball,UCLA,36,0.551,0.412,0.673,6,7.6,1.8,0.8,2.5,14.6
Jordan Bell,Oregon,105,0.61,0.188,0.63,6.8,1.5,1.1,2.2,1.5,7.8
Khem Birch,UNLV,59,0.527,0.333595588,0.678,8.2,0.9,0.7,3.3,1.3,9.6
Jabari Bird,California,114,0.442,0.371,0.753,3.3,1.2,0.5,0.3,1.2,10.8
Antonio Blakeney,LSU,64,0.444,0.347,0.736,4.1,1.3,0.7,0.1,1.4,14.8
Chris Boucher,Oregon,69,0.532,0.344,0.641,6.8,0.4,0.6,2.7,1.1,12
Tony Bradley,UNC,38,0.573,0.333595588,0.619,5.1,0.6,0.3,0.6,0.7,7.1
Dillon Brooks,Oregon,109,0.472,0.362,0.794,4.5,2.6,0.9,0.5,2.1,14.8
Sterling Brown,Washington,32,0.435,0.353,0.533,0.8,0.4,0.1,0,0.3,1.7
Thomas Bryant,Indiana,69,0.592,0.373,0.718,6.2,1.2,0.6,1.2,2,12.2
Alex Caruso,Texas A&M,137,0.455,0.34,0.685,3.7,4.7,2,0.4,2.5,8
Tyler Cavanaugh,George Washington,73,0.476,0.412,0.837,8,1.6,0.5,0.3,2.4,17.5
Gian Clavell,Colorado State,70,0.418,0.362,0.698,5.2,1.7,1.3,0.6,1.6,15.2
Antonius Cleveland,Southeast Missouri State,121,0.494,0.288,0.612,4.7,2,1.3,0.6,1.9,12.9
John Collins,Wake Forest,64,0.601,0,0.729,7,0.4,0.5,1.2,1.4,13.4
Zach Collins,Gonzaga,39,0.652,0.476,0.743,5.9,0.4,0.5,1.8,1.5,10
Kyle Collinsworth,BYU,140,0.477,0.28,0.642,7.5,5,1.6,0.4,2.6,12.2
Charles Cooke,Dayton,61,0.451,0.399,0.695,5.5,2.3,1.2,1.1,1.9,15.7
Matt Costello,Michigan State,138,0.567,0.167,0.713,4.7,0.8,0.4,1.1,0.7,6
Torrey Craig,USC Upstate,131,0.413,0.33,0.671,7.2,1.8,1.1,0.8,2.6,16.2
Tyler Dorsey,Oregon,75,0.455,0.416,0.732,3.9,1.8,0.8,0.1,1.7,14.1
Damyean Dotson,Houston,64,0.485,0.412,0.832,6.9,1.2,0.8,0.2,1,15.6
Milton Doyle,Loyola (IL),121,0.438,0.344,0.718,4.1,3.8,1.2,0.6,3.1,13.3
PJ Dozier,South Carolina,70,0.398,0.277,0.579,3.9,2.4,1.3,0.3,2.4,10.4
Jawun Evans,Oklahoma State,54,0.448,0.407,0.818,3.8,5.8,1.5,0.1,2.7,16.6
De'Aaron Fox,Kentucky,36,0.479,0.246,0.736,4,4.6,1.5,0.2,2.4,16.7
Markelle Fultz,Washington,25,0.476,0.413,0.649,5.7,5.9,1.6,1.2,3.2,23.2
Josh Gray,LSU,63,0.415,0.242,0.61,2.1,2.8,1,0,2,6.3
Daniel Hamilton,UConn,71,0.384,0.337,0.772,8.3,4.2,1,0.4,2.3,11.7
Shaquille Harrison,Tulsa,133,0.444,0.216,0.645,4.5,3.5,1.8,0.4,2.3,11.1
Josh Hart,Villanova,146,0.511,0.389,0.72,5.6,1.8,1.1,0.3,1.3,13.2
Nigel Hayes,Wisconsin,150,0.446,0.332,0.666,5.3,2.1,0.9,0.4,1.6,12.4
Reggie Hearn,Northwestern,95,0.457,0.353,0.752,2.8,1,0.6,0.2,1.2,7.1
Myke Henry,DePaul,63,0.5,0.371,0.706,5.8,1.1,1,0.4,2.3,12.8
Isaiah Hicks,UNC,151,0.573,0.167,0.725,3.6,0.7,0.3,0.5,1.1,7.4
John Holland,Boston University,129,0.434,0.355,0.807,5.6,1.2,1.6,0.3,1.9,17.1
Vince Hunter,UTEP,67,0.54,0.333,0.604,7.9,1.5,1,0.9,2.4,13.6
Andre Ingram,American,118,0.393,0.385,0.787,4.5,1.7,1,0.1,1.8,14
Jonathan Isaac,Florida State,32,0.508,0.348,0.78,7.8,1.2,1.2,1.5,1.5,12
Wesley Iwundu,Kansas State,132,0.463,0.338,0.688,4.7,2.8,0.9,0.4,2.1,9.5
Aaron Jackson,Duquesne,120,0.521,0.342,0.772,4.5,4.2,1.4,0.1,2.3,11.9
Josh Jackson,South Carolina State,30,0.53,0.333595588,0.577,4.7,1,0.2,0.4,2.3,8
Justin Jackson,Tennessee,6,0,0.333595588,0,0.5,0,0,0,0,0
Mike James,Duquesne,111,0.444,0.329,0.726,3,3.1,1.8,0.1,1.883079057,12.7
Dakari Johnson,Kentucky,78,0.537,0.333595588,0.559,4.3,0.5,0.3,0.8,0.9,5.8
Omari Johnson,Oregon State,120,0.418,0.293,0.6,4,0.7,0.6,0.3,1.3,6.4
Jalen Jones,Texas A&M,64,0.436,0.317,0.715,6.9,0.7,0.8,0.4,1.5,14.5
Luke Kennard,Duke,73,0.461,0.383,0.867,4.3,2,0.9,0.3,1.2,15.7
Luke Kornet,Vanderbilt,128,0.417,0.32,0.779,4.8,1.1,0.4,1.6,1.1,8.9
Kyle Kuzma,Utah,96,0.506,0.302,0.633,5.5,1.5,0.3,0.4,1.6,10.1
T.J. Leaf,UCLA,35,0.617,0.466,0.679,8.2,2.4,0.6,1.1,1.5,16.3
Damion Lee,Louisville,30,0.428,0.341,0.843,3.9,2,1.5,0,1.7,15.9
Tyler Lydon,Syracuse,71,0.476,0.4,0.809,7.4,1.6,1.1,1.6,1.5,11.6
Lauri Markkanen,Arizona,37,0.492,0.423,0.835,7.2,0.9,0.4,0.5,1.1,15.6
Frank Mason,Kansas,145,0.454,0.42,0.761,3.4,4,1.1,0.1,1.9,13
Mangok Mathiang,Louisville,114,0.506,0.333595588,0.599,4.8,0.5,0.5,1.3,0.9,4.8
Erik McCree,Louisiana Tech,99,0.464,0.348,0.735,7.3,1,0.6,0.5,2.2,14.9
Trey McKinney-Jones,Miami (FL),69,0.436,0.385,0.815,3.4,1.5,0.7,0,1.1,8.1
Alfonzo McKinnie,Green Bay,42,0.449,0.351,0.535,4.8,0.2,0.5,0.5,1.1,7.3
Malcolm Miller,Holy Cross,112,0.445,0.37,0.765,4.8,1.5,0.8,1.3,1.6,9
Donovan Mitchell,Louisville,65,0.418,0.329,0.788,4.1,2.2,1.5,0.3,1.3,11.7
Malik Monk,Kentucky,38,0.45,0.397,0.822,2.5,2.3,0.9,0.5,2,19.8
Ben Moore,SMU,135,0.539,0.2,0.663,5.8,1.8,0.8,0.9,1.4,9
Monte Morris,Iowa State,140,0.476,0.381,0.78,3.7,5.5,1.6,0.3,1.2,12.2
Johnathan Motley,Baylor,102,0.519,0.24,0.654,6.4,1.3,0.4,1.2,2,12
Abdel Nader,Iowa State,67,0.454,0.321,0.745,4,1.1,0.7,0.6,1.7,9.5
Royce O'Neale,Baylor,71,0.483,0.448,0.683,5.6,3.1,1,0.3,1.7,8.5
Semi Ojeleye,SMU,35,0.487,0.424,0.785,6.9,1.5,0.4,0.4,1.4,19
Marcus Paige,UNC,141,0.407,0.374,0.848,2.8,4.3,1.4,0.2,1.9,13.3
Justin Patton,Creighton,35,0.676,0.533,0.517,6.2,1.2,0.9,1.4,1.7,12.9
Brandon Paul,Illinois,138,0.384,0.325,0.724,3.8,2.2,1.1,0.5,2.3,12
London Perrantes,Virginia,138,0.405,0.409,0.812,2.7,4.1,0.9,0.1,1.5,8.9
Alec Peters,Valparaiso,134,0.487,0.416,0.846,7.4,1.5,0.8,0.3,1.9,17.5
Jacob Pullen,Kansas State,135,0.408,0.361,0.77,2.4,3.4,1.6,0.1,2.6,15.8
Rodney Purvis,UConn,102,0.41,0.36,0.676,3.2,1.9,0.9,0.2,1.7,12.8
Ivan Rabb,California,65,0.544,0.409,0.666,9.4,1.2,0.6,1.1,1.8,13.2
Xavier Rathan-Mayes,Florida State,100,0.424,0.294,0.666,3.2,4.5,1,0,2.6,12.4
Davon Reed,Miami (FL),131,0.43,0.395,0.779,3.6,1.6,0.9,0.4,1.4,10.3
Devin Robinson,Florida,105,0.45,0.336,0.714,4.9,0.6,0.6,0.6,0.9,8.9
Ben Simmons,LSU,33,0.56,0.333,0.67,11.8,4.8,2,0.8,3.4,19.2
Kobi Simmons,Arizona,37,0.395,0.327,0.775,1.6,2,0.6,0.1,1.2,8.7
Dennis Smith,Utah,3,0.667,0.333595588,1,1.3,0,0,0,1.883079057,3.3
Edmond Sumner,Xavier,58,0.429,0.285,0.73,3.5,3.8,1.2,0.4,2.2,11.4
Caleb Swanigan,Purdue,69,0.501,0.376,0.76,10.4,2.4,0.4,0.5,3,14.4
Jayson Tatum,Duke,29,0.452,0.342,0.849,7.3,2.1,1.3,1.1,2.6,16.8
Sindarius Thornwell,South Carolina,132,0.392,0.339,0.771,5.2,3,1.5,0.6,2.5,14.7
Tyrone Wallace,California,129,0.415,0.292,0.613,5.2,3.4,1.1,0.4,2.2,12.6
Derrick Walton,Michigan,127,0.404,0.401,0.837,4.4,3.9,1.1,0,1.8,11.6
Jameel Warney,Stony Brook,135,0.596,0.333595588,0.592,9.4,1.6,0.8,2,1.4,15.8
James Webb,Boise State,63,0.518,0.33,0.676,8.6,0.8,1.3,0.6,1.3,13.5
Derrick White,Colorado,34,0.507,0.396,0.813,4.1,4.4,1.2,1.4,2.4,18.1
Jacob Wiley,Eastern Washington,34,0.643,0.714,0.828,9.1,2.4,0.8,2.8,3.8,20.4
C.J. Williams,Boise State,108,0.388,0.312,0.571,1.9,2.3,0.9,0,1.8,5.2
Matt Williams,Colorado State,113,0.529,0,0.71,4.4,1.3,0.5,0.5,1.9,8.7
D.J. Wilson,Michigan,69,0.525,0.363,0.817,3.3,0.8,0.4,1,0.8,7.1
Jamil Wilson,Marquette,101,0.439,0.344,0.704,5,1.8,0.6,0.9,1.5,9.4
Ron Baker,Wichita State,124,0.433,0.369,0.801,4.2,2.8,1.3,0.6,1.4,13.2
Wade Baldwin,Vanderbilt,68,0.431,0.422,0.8,4.1,4.8,1.3,0.2,2.3,11.6
Malik Beasley,Florida State,34,0.471,0.387,0.813,5.3,1.5,0.9,0.2,1.7,15.6
DeAndre' Bembry,St. Joseph's,101,0.457,0.312,0.628,6.7,3.6,1.4,0.8,2.5,15.7
Ben Bentil,Providence,69,0.455,0.324,0.761,6.3,0.9,0.6,0.7,1.6,13.8
Joel Bolomboy,Weber State,130,0.528,0.371,0.713,10.1,0.7,0.6,1.4,2,11.4
Malcolm Brogdon,Virginia,136,0.43,0.365,0.876,4.1,2.5,0.9,0.2,1.5,13.3
Jaylen Brown,California,34,0.431,0.294,0.654,5.4,2,0.8,0.6,3.1,14.6
Marquese Chriss,Washington,34,0.53,0.35,0.682,5.4,0.8,0.9,1.6,2,13.7
Semaj Christon,Xavier,64,0.462,0.338,0.67,2.8,4.4,1.4,0.2,3.1,16.2
Quinn Cook,Duke,143,0.432,0.375,0.853,2.7,3.6,1.1,0.1,1.4,11
Deyonta Davis,Michigan State,35,0.598,0.333595588,0.605,5.5,0.7,0.3,1.8,0.9,7.5
Malcolm Delaney,Virginia Tech,136,0.401,0.363,0.845,3.5,4,1.3,0.2,2.8,16.6
Cheick Diallo,Kansas,27,0.569,0.333595588,0.556,2.5,0,0.3,0.9,0.6,3
Kris Dunn,Providence,95,0.45,0.354,0.693,5.1,5.8,2.2,0.4,3.3,12.8
Henry Ellenson,Marquette,33,0.446,0.288,0.749,9.7,1.8,0.8,1.5,2.4,17
Joel Embiid,Kansas,28,0.626,0.2,0.685,8.1,1.4,0.9,2.6,2.4,11.2
Dorian Finney-Smith,Florida,101,0.428,0.361,0.673,7.1,1.9,0.8,0.7,1.8,12.1
Bryn Forbes,Michigan State,74,0.467,0.458,0.827,1.7,1.2,0.5,0.1,0.8,11.3
Patricio Garino,George Washington,129,0.508,0.364,0.671,4.3,1.7,1.7,0.7,2.2,12
Michael Gbinije,Syracuse,101,0.452,0.387,0.631,3.6,3,1.5,0.3,1.8,11.3
Marcus Georges-Hunt,Georgia Tech,130,0.433,0.329,0.749,4.5,2.2,0.9,0.2,1.7,13.3
Jonathan Gibson,New Mexico State,131,0.436,0.398,0.758,1.9,1.8,1,0,1.6,11.8
Treveon Graham,VCU,140,0.432,0.354,0.691,5.8,1.4,0.8,0.2,1.4,13.4
A.J. Hammons,Purdue,132,0.539,0.261,0.69,7,0.8,0.4,2.6,2.1,12.1
Andrew Harrison,Kentucky,79,0.372,0.367,0.777,2.7,3.8,0.8,0.2,2.2,10.1
Buddy Hield,Oklahoma,132,0.448,0.39,0.836,5,1.9,1.3,0.3,2.2,17.4
Danuel House,Texas A&M,62,0.404,0.344,0.686,4.3,2.1,0.6,0.4,1.8,15.3
Brandon Ingram,Duke,36,0.442,0.41,0.682,6.8,2,1.1,1.4,2,17.3
Demetrius Jackson,Pacific,57,0.402,0.348,0.837,2.8,3.3,1.1,0.1,3.4,13.4
Pierre Jackson,Baylor,74,0.441,0.379,0.808,3.3,6.5,1.6,0,3.5,16.7
Brice Johnson,UNC,148,0.577,0.333595588,0.715,7,0.9,0.8,1.1,1.3,11.9
Damian Jones,Vanderbilt,99,0.566,0.125,0.565,6.4,0.7,0.4,1.7,2,13.3
Derrick Jones,Samford,61,0.443,0.39,0.634,4.1,2.1,0.6,0.3,2.8,11.2
Skal Labissiere,Kentucky,36,0.516,0,0.661,3.1,0.3,0.3,1.6,0.9,6.6
Jake Layman,Maryland,141,0.445,0.362,0.759,4.8,1.1,0.9,0.8,1.4,10.2
Caris LeVert,Michigan,103,0.434,0.401,0.77,3.5,2.7,0.9,0.2,1.3,10.4
Shawn Long,Louisiana,135,0.503,0.341,0.676,10.7,1.1,0.7,2,2.4,17.3
Patrick McCaw,UNLV,65,0.439,0.367,0.753,4.2,3.3,2,0.4,1.9,12.2
Rodney McGruder,Kansas State,135,0.452,0.381,0.759,4.8,1.4,0.9,0.3,1.3,11.7
Dejounte Murray,Washington,34,0.416,0.288,0.663,6,4.4,1.8,0.3,3.2,16.1
Jamal Murray,Kentucky,36,0.454,0.408,0.783,5.2,2.2,1,0.3,2.3,20
Maurice Ndour,Ohio,66,0.498,0.388,0.757,7.6,1.6,0.8,1.9,2.7,14.8
Georges Niang,Iowa State,138,0.5,0.375,0.763,5.2,3.1,0.7,0.5,2.3,16.1
David Nwaba,Cal Poly,88,0.473,0.167,0.65,5.3,2,1.1,0.6,1.6,11.9
Daniel Ochefu,Villanova,141,0.6,0,0.622,6.6,1.3,0.8,1.3,1.6,7.2
Chinanu Onuaku,Louisville,66,0.619,0,0.547,6.4,1.1,0.8,1.6,1.7,6.2
Gary Payton,Oregon State,120,0.485,0.369,0.684,4,7.8,2.7,0.5,3.3,18.1
Marshall Plumlee,Duke,124,0.665,1,0.555,3.8,0.5,0.4,0.8,0.5,3.4
Jakob Poeltl,Utah,70,0.658,0,0.605,8,1.3,0.5,1.7,1.8,13.3
Alex Poythress,Kentucky,112,0.551,0.302,0.686,5.3,0.5,0.4,0.7,1.3,8.6
Tim Quarterman,LSU,99,0.397,0.31,0.66,3.9,3.1,1,0.4,1.7,8.4
Chasson Randle,Stanford,144,0.428,0.386,0.806,3.3,2.5,1.2,0.1,2.3,16.5
Malachi Richardson,Syracuse,37,0.369,0.353,0.72,4.3,2.1,1.1,0.3,2.1,13.4
Domantas Sabonis,Gonzaga,74,0.632,0.357,0.729,9.4,1.3,0.5,0.6,2,13.5
Wayne Selden,Kansas,109,0.436,0.366,0.632,3,2.6,0.7,0.4,1.9,11
Pascal Siakam,New Mexico State,68,0.551,0.176,0.711,9.7,1.5,0.9,2,1.9,16.6
Diamond Stone,Maryland,35,0.568,0.333595588,0.761,5.4,0.4,0.5,1.6,1.5,12.5
Isaiah Taylor,Texas,92,0.404,0.294,0.792,3.1,4.5,1,0.1,2.3,13.6
Mike Tobey,Virginia,138,0.531,0.316,0.704,4,0.4,0.2,0.7,0.8,6.8
Tyler Ulis,Kentucky,72,0.427,0.371,0.846,2.4,5.3,1.2,0.1,1.5,11.3
Jarrod Uthoff,Iowa,100,0.45,0.383,0.795,5.8,1.2,0.8,1.8,1,13
Denzel Valentine,Michigan State,144,0.442,0.408,0.779,5.9,4.4,0.9,0.3,2.2,11.4
Okaro White,Florida State,139,0.494,0.327,0.799,5.1,0.7,0.7,0.8,1.6,10.1
Isaiah Whitehead,Seton Hall,56,0.375,0.359,0.757,3.7,4.5,1.3,1.1,3.4,15.8
Troy Williams,Centenary (LA),37,0.618,0.333595588,0.733,1.9,0.1,0.2,0.3,1.883079057,1.4
Kyle Wiltjer,Gonzaga,74,0.514,0.449,0.828,6.3,1.7,0.4,0.7,1.6,18.6
Cliff Alexander,Kansas,28,0.566,0.333595588,0.671,5.3,0.4,0.2,1.3,1,7.1
Justin Anderson,Virginia,98,0.43,0.357,0.752,3.5,1.8,0.6,0.9,1.3,8.9
Keith Appling,Michigan State,142,0.431,0.334,0.748,3,3.3,1.1,0.5,2.1,10.6
Devin Booker,Clemson,128,0.496,0.275,0.658,5.7,0.8,0.6,0.6,1.6,9
Anthony Brown,Oklahoma State,47,0.482,0.143,0.569,2.3,0.3,0.3,0.4,0.4,3
Willie Cauley-Stein,Kentucky,105,0.593,0.333595588,0.508,6.2,0.9,1.1,2.2,1.2,8
Rakeem Christmas,Syracuse,142,0.56,0,0.681,5.3,0.6,0.5,1.7,1.1,7.4
Coty Clarke,Arkansas,65,0.469,0.442,0.777,5.4,1.8,1.5,0.6,1.3,8.6
Pat Connaughton,Notre Dame,139,0.45,0.386,0.777,5.9,1.8,0.7,0.5,1,10.5
Branden Dawson,Michigan State,130,0.559,0,0.558,6.9,1.4,1.3,1.1,1.7,10.1
Sam Dekker,Wisconsin,113,0.493,0.348,0.695,5,1.3,0.6,0.5,1,12.1
Duje Dukan,Wisconsin,97,0.427,0.328,0.656,1.7,0.4,0.1,0,0.4,3.1
Jarell Eddie,Virginia Tech,123,0.385,0.365,0.812,4.6,1.1,0.3,0.5,1.5,9.6
Jerian Grant,Notre Dame,119,0.436,0.345,0.79,2.9,5.8,1.5,0.3,2.2,14.6
Montrezl Harrell,Louisville,112,0.586,0.275,0.533,6.9,0.9,0.8,1.1,1.3,11.6
Aaron Harrison,Kentucky,79,0.41,0.335,0.787,2.8,1.6,1.1,0.2,1.3,12.4
Darrun Hilliard,Villanova,132,0.436,0.367,0.748,3,1.9,1.3,0.4,1.6,11.4
Rondae Hollis-Jefferson,Arizona,76,0.496,0.205,0.697,6.3,1.5,0.9,0.9,1.4,10.2
Richaun Holmes,Bowling Green State,95,0.554,0.353,0.697,6.9,0.7,0.8,2.6,1.5,11.5
Josh Huestis,Stanford,135,0.451,0.319,0.61,6.2,0.8,0.5,1.4,0.9,7.5
R.J. Hunter,Georgia State,99,0.423,0.354,0.853,4.8,2.4,1.9,0.9,1.7,18.4
Stanley Johnson,Arizona,38,0.446,0.371,0.742,6.5,1.7,1.5,0.4,2.2,13.8
Tyus Jones,Duke,39,0.417,0.379,0.889,3.5,5.6,1.5,0.1,1.9,11.8
Frank Kaminsky,Wisconsin,144,0.522,0.369,0.763,4.6,1.3,0.5,1.1,0.8,10.1
Sasha Kaun,Kansas,135,0.568,0.333595588,0.512,3.9,0.3,0.4,1.1,0.8,6.1
Kevon Looney,UCLA,36,0.47,0.415,0.626,9.2,1.4,1.3,0.9,1.3,11.6
Trey Lyles,Kentucky,36,0.488,0.138,0.735,5.2,1.1,0.5,0.4,1.1,8.7
Jarell Martin,LSU,65,0.494,0.308,0.689,6.9,1.4,1,0.7,2.2,13.7
T.J. McConnell,Arizona,76,0.477,0.343,0.742,3.7,5.8,1.9,0.1,1.9,9.4
Chris McCullough,Syracuse,16,0.478,1,0.563,6.9,1.1,1.7,2.1,2.2,9.3
Jordan McRae,Tennessee,114,0.417,0.343,0.769,3.3,1.8,0.6,0.9,2,13.3
Jordan Mickey,LSU,65,0.518,0.071,0.669,8.8,1.2,0.8,3.4,2.8,14
Xavier Munford,Rhode Island,61,0.398,0.335,0.71,3.4,2.2,1.1,0.4,2.7,17.1
J.J. O'Brien,San Diego State,105,0.481,0.288,0.605,4.8,1.7,1,0.3,1.4,8.5
Jahlil Okafor,Duke,38,0.664,0.333595588,0.51,8.5,1.3,0.8,1.4,2.5,17.3
Kelly Oubre,Kansas,36,0.444,0.358,0.718,5,0.8,1.1,0.4,1.2,9.3
Lamar Patterson,Pitt,149,0.435,0.369,0.723,3.9,2.9,1,0.3,1.6,9.5
Cameron Payne,Murray State,69,0.432,0.359,0.781,3.7,5.7,1.8,0.5,2.9,18.5
Bobby Portis,Arkansas,70,0.526,0.365,0.737,7.9,1.3,1.1,1.5,1.4,15
Norman Powell,UCLA,141,0.461,0.314,0.746,3,1.5,1.1,0.4,1.3,9.8
Willie Reed,Saint Louis,67,0.574,0.333595588,0.5,6.3,0.5,0.5,1.7,1.4,10.2
Josh Richardson,North Texas,28,0.445,0,0.56,2.8,0.5,0.5,0.1,1,6.1
Terry Rozier,Louisville,73,0.408,0.331,0.772,4.3,2.4,1.5,0.1,1.4,12
D'Angelo Russell,Ohio State,35,0.449,0.411,0.756,5.7,5,1.6,0.3,2.9,19.3
Jonathon Simmons,Houston,30,0.512,0.386,0.716,5,2.2,0.7,0.4,3.3,14.7
Alex Stepheson,USC,62,0.518,0.333595588,0.505,8.3,0.2,0.3,1.3,1.6,9.2
Karl-Anthony Towns,Kentucky,39,0.566,0.25,0.813,6.7,1.1,0.5,2.3,1.4,10.3
Myles Turner,Texas,34,0.455,0.274,0.839,6.5,0.6,0.3,2.6,1.4,10.1
Rashad Vaughn,UNLV,23,0.439,0.383,0.694,4.8,1.6,0.8,0.3,2.2,17.8
Briante Weber,VCU,127,0.426,0.274,0.769,3.3,3,2.9,0.2,1.5,6.8
Alan Williams,Wake Forest,29,0.429,0.333,0.75,0.4,0.1,0.1,0,0,0.9
Justise Winslow,Duke,39,0.486,0.418,0.641,6.5,2.1,1.3,0.9,1.8,12.6
Christian Wood,UNLV,63,0.477,0.261,0.747,6.8,0.8,0.3,1.9,1.5,10.4
Delon Wright,Utah,68,0.535,0.299,0.814,5.8,5.2,2.3,1.1,2.2,15
Joe Young,Canisius,29,0.377,0.34,0.737,1.8,0.6,0.6,0.1,0.7,3.8
Jordan Adams,UCLA,69,0.467,0.331,0.839,4.6,2.1,2.4,0.2,1.4,16.4
Cameron Bairstow,New Mexico,134,0.517,0.333,0.717,4.8,0.8,0.5,0.7,1.2,9.2
Jerrelle Benimon,Towson,67,0.531,0.366,0.689,11.2,3.1,0.7,1.6,3.6,18
Sim Bhullar,New Mexico State,65,0.633,0.333595588,0.496,7.2,1,0.1,2.9,1.6,10.2
Tarik Black,Kansas,33,0.692,0,0.6,3.9,0.3,0.3,0.5,0.7,5.5
Jabari Brown,Missouri,60,0.444,0.391,0.794,4,1.7,0.7,0.1,2.1,17.3
Markel Brown,Oklahoma State,134,0.439,0.347,0.733,4.3,2.3,1,0.8,1.8,12.4
Will Cherry,Montana,116,0.43,0.285,0.718,3.6,3.4,2.3,0.3,2.4,12.8
Patrick Christopher,California,134,0.45,0.342,0.816,3.8,1.8,0.8,0.1,1.5,12.7
Jordan Clarkson,Missouri,35,0.448,0.281,0.831,3.8,3.4,1.1,0.2,2.7,17.5
Jack Cooley,Notre Dame,123,0.601,0.5,0.663,6.4,0.5,0.4,0.9,0.9,8.3
Bryce Cotton,Providence,130,0.421,0.361,0.838,2.8,3,0.9,0.1,1.5,15.2
Andre Dawkins,Duke,142,0.433,0.407,0.769,1.6,0.5,0.4,0.1,0.6,7.1
Spencer Dinwiddie,Colorado,86,0.42,0.386,0.83,3.3,2.6,1.1,0.3,1.8,13
Cleanthony Early,Wichita State,75,0.47,0.348,0.819,5.7,0.7,0.8,0.8,1.7,15.1
James Ennis,Long Beach State,67,0.493,0.354,0.788,5.4,2.4,1.7,1,2.5,13.2
Tyler Ennis,Syracuse,34,0.411,0.353,0.765,3.4,5.5,2.1,0.2,1.7,12.9
Tim Frazier,Penn State,135,0.418,0.31,0.774,3.9,4.7,1.5,0.1,2.6,11.4
Langston Galloway,St. Joseph's,133,0.438,0.426,0.821,4.5,2.2,1.3,0.5,1.2,15
Aaron Gordon,Arizona,38,0.495,0.356,0.422,8,2,0.9,1,1.4,12.4
Drew Gordon,New Mexico,61,0.535,1,0.722,10.8,1,0.9,1.1,2.3,13.4
Jerami Grant,Syracuse,72,0.486,0.3,0.641,4.7,0.9,0.6,0.5,0.9,7.5
Erick Green,Virginia Tech,129,0.437,0.338,0.804,2.6,2.5,1.2,0.2,1.4,13.5
JaMychal Green,Alabama,123,0.519,0.176,0.711,7.4,1.2,1,1.7,2.5,13.5
P.J. Hairston,UNC,71,0.388,0.349,0.8,3.2,1,0.8,0.3,0.9,10
Gary Harris,Michigan State,69,0.44,0.376,0.788,3.3,2,1.6,0.3,1.6,14.9
Joe Harris,Central Arkansas,15,0.452,0.375,0,1.6,0.3,0.2,0,0.4,3.1
Rodney Hood,Duke,35,0.464,0.42,0.807,3.9,2.1,0.7,0.3,1.5,16.1
Cory Jefferson,Baylor,130,0.543,0.34,0.66,5.6,0.4,0.3,1.3,0.8,8.9
Grant Jerrett,Arizona,34,0.409,0.405,0.818,3.6,0.5,0.5,1,0.6,5.2
Nick Johnson,Arizona,108,0.421,0.359,0.734,3.7,2.8,1.3,0.6,1.8,12.3
Tyler Johnson,Centenary (LA),5,0.333,1,0.711530137,0.6,0.2,0.2,0,0,0.6
Sean Kilpatrick,Cincinnati,140,0.419,0.347,0.78,4.3,2,1.2,0.2,1.7,15.3
Alex Kirk,Washington State,4,0.475057456,0.333595588,0.711530137,0,0.3,0,0,0,0
Zach LaVine,UCLA,37,0.441,0.375,0.691,2.5,1.8,0.9,0.2,1.1,9.4
Kalin Lucas,Michigan State,141,0.425,0.377,0.796,1.9,4,1,0.1,2.3,14.2
James Michael McAdoo,UNC,108,0.447,0,0.569,5.9,1,1.2,0.5,1.6,11.4
K.J. McDaniels,Clemson,94,0.45,0.313,0.767,4.8,0.9,0.9,1.9,1.5,11
Doug McDermott,Creighton,145,0.55,0.458,0.831,7.5,1.3,0.2,0.1,2.2,21.7
Mitch McGary,Michigan,47,0.588,0,0.513,6.6,0.8,1.2,0.7,1.3,7.8
Jerel McNeal,Marquette,130,0.44,0.347,0.717,4.7,3.5,2.2,0.5,3.4,15.3
Elijah Millsap,Alabama-Birmingham,34,0.435,0.241,0.695,9.5,1.8,1.6,0.3,3.5,16.1
Eric Moreland,Oregon State,89,0.535,0.333,0.531,8.6,1.3,0.8,2.1,1.8,7.2
Shabazz Napier,UConn,143,0.411,0.375,0.813,4,4.5,1.8,0.2,2.4,13.7
Nerlens Noel,Kentucky,24,0.59,0.333595588,0.529,9.5,1.6,2.1,4.4,1.9,10.5
Johnny O'Bryant,LSU,91,0.467,0.222,0.619,7.7,1.3,0.5,0.8,2.9,12.7
Jabari Parker,Duke,35,0.473,0.358,0.748,8.7,1.2,1.1,1.2,2.3,19.1
Adreian Payne,Michigan State,138,0.526,0.409,0.755,5.3,0.6,0.6,1,1.4,8.9
Elfrid Payton,Louisiana,100,0.485,0.268,0.611,5.1,4.9,2,0.5,3.4,14.3
Dwight Powell,Stanford,136,0.464,0.289,0.722,6.3,1.8,0.9,0.9,2.1,10.8
Julius Randle,Kentucky,40,0.501,0.167,0.706,10.4,1.4,0.5,0.8,2.5,15
Glenn Robinson,Purdue,62,0.479,0.385,0.773,9.7,1.9,1.8,1,3.9,27.5
JaKarr Sampson,St. John's (NY),66,0.469,0.077,0.607,6.4,1.1,0.9,1,1.8,13.9
Marcus Smart,Oklahoma State,64,0.413,0.295,0.751,5.9,4.5,2.9,0.6,3,16.6
Russ Smith,Louisville,133,0.413,0.345,0.76,2.7,2.8,1.9,0.1,2.4,14.3
Nik Stauskas,Michigan,75,0.467,0.441,0.832,2.9,2.3,0.6,0.3,1.5,14.1
David Stockton,Gonzaga,138,0.424,0.306,0.7,1.6,3.1,1.2,0.1,1.5,4.8
Jarnell Stokes,Tennessee,87,0.53,0,0.628,9.6,1.5,0.7,1.1,2.1,13
Noah Vonleh,Indiana,30,0.523,0.485,0.716,9,0.6,0.9,1.4,2.1,11.3
T.J. Warren,NC State,70,0.555,0.315,0.654,5.7,1,1.5,0.5,1.7,18.5
David Wear,UCLA,103,0.477,0.413,0.755,5,0.8,0.6,0.2,1,7.9
Travis Wear,UCLA,96,0.517,0.4,0.807,4.7,0.8,0.7,1,0.9,9.8
Shayne Whittington,Western Michigan,114,0.515,0.167,0.76,6.5,0.7,0.5,1.1,1.3,9.8
Andrew Wiggins,Kansas,35,0.448,0.341,0.775,5.9,1.5,1.2,1,2.3,17.1
C.J. Wilcox,Washington,131,0.433,0.389,0.84,3.4,1.6,0.9,0.7,1.4,14.4
James Young,Kentucky,40,0.407,0.349,0.706,4.3,1.7,0.8,0.2,1.9,14.3
Steven Adams,Pitt,32,0.571,0.333595588,0.443,6.3,0.6,0.7,2,1.1,7.2
Chris Babb,Iowa State,67,0.385,0.353,0.714,3.8,1.9,1.1,0.2,0.8,8.4
Anthony Bennett,UNLV,35,0.533,0.375,0.701,8.1,1,0.7,1.2,1.9,16.1
Vander Blue,Marquette,106,0.429,0.277,0.704,3.5,2,1,0.1,2,9.3
Lorenzo Brown,NC State,101,0.429,0.305,0.741,4.2,5.8,1.7,0.5,3,11.6
Reggie Bullock,Morgan State,46,0.426,0.1,0.522,2,0.4,0.6,0.1,1.883079057,2.8
Trey Burke,Michigan,73,0.45,0.367,0.777,3.3,5.7,1.3,0.5,2.5,16.9
Dwight Buycks,Marquette,68,0.443,0.36,0.687,3,2.8,1.1,0,2,7.7
Nick Calathes,Florida,72,0.455,0.38,0.715,5.3,6.3,1.8,0.1,3.1,16.3
Kentavious Caldwell-Pope,Georgia,64,0.415,0.339,0.752,6.1,1.5,1.9,0.4,1.6,15.8
Isaiah Canaan,Murray State,132,0.45,0.419,0.803,2.8,2.9,1.2,0.1,2.4,15.5
Michael Carter-Williams,Syracuse,66,0.398,0.307,0.679,3.6,5.2,2,0.4,2.3,8.2
Dionte Christmas,Temple,130,0.426,0.36,0.778,4.4,2,1.2,0.2,2.2,15.7
Ian Clark,Belmont,133,0.484,0.425,0.81,2.9,2.2,1.2,0.2,2.1,14.4
Robert Covington,Tennessee State,118,0.476,0.422,0.802,7.4,1.2,1.5,1.3,2.3,14.8
Allen Crabbe,California,98,0.446,0.382,0.819,5.7,2.2,0.9,0.6,1.9,15.7
Seth Curry,Duke,106,0.439,0.42,0.825,2.3,2,1.2,0.2,1.4,13.2
Troy Daniels,VCU,125,0.389,0.386,0.782,2.1,0.4,0.6,0.1,0.6,7.3
Brandon Davies,BYU,135,0.522,0.333,0.66,6.2,1.6,1,0.9,2.1,12.4
Dewayne Dedmon,USC,51,0.52,0,0.614,6.4,0.5,0.9,1.7,1.5,7.1
Matthew Dellavedova,Saint Mary's,136,0.415,0.378,0.86,3.4,5.6,1.1,0.1,2.5,14.2
Gorgui Dieng,Louisville,102,0.545,0.333,0.64,7.9,1.2,1,2.6,1.6,8.3
Shane Edwards,Little Rock,62,0.472,0.298,0.642,4.7,1,0.8,0.6,1.7,9
Carrick Felix,Arizona State,94,0.456,0.326,0.704,4.8,1.3,1,0.8,1.7,10.2
Jamaal Franklin,San Diego State,85,0.426,0.302,0.78,7,1.9,1,0.6,2.6,13.7
Archie Goodwin,Kentucky,33,0.44,0.266,0.637,4.6,2.7,1.1,0.5,3.1,14.1
Justin Hamilton,Florida,113,0.489,0.331,0.739,2.6,2.7,1.5,0.3,1.5,6.9
Tim Hardaway,UTEP,124,0.486,0.352,0.718,2.6,4.5,2.1,0.2,2,12.8
Elias Harris,Gonzaga,135,0.517,0.356,0.723,7.3,1.3,0.9,0.5,1.8,13.8
Solomon Hill,Arizona,139,0.481,0.375,0.745,5.6,2.2,0.9,0.4,2.1,10.3
Scotty Hopson,Tennessee,103,0.444,0.354,0.671,3.1,1.3,0.8,0.2,2.1,12.7
Robbie Hummel,Purdue,127,0.443,0.389,0.841,6.8,2.1,1,0.9,1.1,14
Ryan Kelly,Eastern Illinois,41,0.529,0,0.474,1.9,0.4,0.2,0.3,0.6,1.8
Shane Larkin,Miami (FL),68,0.438,0.375,0.808,3.2,3.6,1.8,0.1,2.1,11.2
Alex Len,Maryland,60,0.538,0.111,0.663,7,0.8,0.2,2.1,1.6,9.7
CJ McCollum,Lehigh,111,0.439,0.377,0.825,6.3,2.7,2.1,0.5,2.4,21.3
Ben McLemore,Kansas,37,0.495,0.42,0.87,5.2,2,1,0.7,2.1,15.9
Gal Mekel,Wichita State,62,0.379,0.306,0.809,2.1,2.7,0.4,0,2,6.7
Tony Mitchell,North Carolina A&T,70,0.333,0.274,0.455,1.5,0.5,0.2,0.1,1.883079057,2.4
Tony Mitchell,North Carolina A&T,70,0.333,0.274,0.455,1.5,0.5,0.2,0.1,1.883079057,2.4
Shabazz Muhammad,UCLA,32,0.443,0.377,0.711,5.2,0.8,0.7,0.1,1.6,17.9
Erik Murphy,Florida,136,0.514,0.435,0.757,3.7,0.7,0.4,0.6,1,7.7
Toure' Murry,Wichita State,139,0.405,0.311,0.763,4.5,3.1,1.3,0.3,2.4,11.1
Mike Muscala,Bucknell,133,0.501,0.313,0.819,8.2,1.6,0.4,2,1.6,15.3
James Nunnally,UCSB,123,0.465,0.386,0.784,5.1,2,0.6,0.2,2.2,13.7
Victor Oladipo,Indiana,104,0.538,0.338,0.716,5.2,1.7,1.5,0.5,2,10.7
Kelly Olynyk,Gonzaga,101,0.594,0.333,0.709,4.6,1.1,0.5,0.5,1.4,8.9
Arinze Onuaku,Syracuse,134,0.648,0.333595588,0.395,6,0.5,0.7,1.1,1.4,9.2
Mason Plumlee,Duke,141,0.574,0.2,0.583,7.7,1.5,0.8,1.4,2,9.8
Otto Porter,Georgetown,64,0.498,0.355,0.751,7.1,2.1,1.5,0.9,1.3,12.8
Phil Pressey,Missouri,99,0.395,0.347,0.757,3,5.9,2,0.1,2.7,9.7
Glen Rice,Michigan,134,0.569,0.48,0.797,6.4,2,0.8,0.3,1.8,18.2
Andre Roberson,Colorado,105,0.516,0.35,0.582,10,1.1,1.6,1.4,1.7,9.6
Peyton Siva,Louisville,144,0.417,0.291,0.737,2.4,4.7,1.8,0.1,2.7,8.4
Chris Smith,UConn,127,0.421,0.4,0.761,2.9,3.4,1.5,0.3,2.3,16.9
Tony Snell,New Mexico,104,0.421,0.38,0.821,2.4,2,0.5,0.3,1.5,9.2
James Southerland,Syracuse,112,0.449,0.37,0.74,3.3,0.6,0.9,0.8,0.6,7.9
D.J. Stephens,Memphis,129,0.627,0.37,0.633,3.4,0.3,0.5,1.2,0.4,4
Adonis Thomas,Memphis,55,0.426,0.325,0.745,4,1.5,0.6,0.7,1.5,10.7
Hollis Thompson,Georgetown,99,0.478,0.44,0.676,4.1,1.1,0.8,0.4,1.1,8.7
Casper Ware,Long Beach State,131,0.402,0.349,0.784,2.5,4.2,1.6,0.1,2.8,14.1
Royce White,Iowa State,34,0.534,0.333,0.498,9.3,5,1.2,0.9,3.8,13.4
Jeff Withey,Kansas,117,0.568,1,0.726,5.4,0.6,0.5,2.7,1.2,8
Nate Wolters,South Dakota State,127,0.45,0.342,0.803,4.7,5.3,1.5,0.2,2.2,18.5
Cody Zeller,Indiana,72,0.592,0,0.756,7.3,1.3,1.2,1.2,2,16.1
Quincy Acy,Baylor,139,0.602,0.429,0.708,6,0.6,0.7,1.3,1.5,9.8
Josh Akognon,Cal State Fullerton,64,0.422,0.381,0.895,3.3,1.5,1.2,0.1,2.2,22
Harrison Barnes,UNC,75,0.43,0.349,0.734,5.5,1.3,0.9,0.4,1.9,16.3
Will Barton,Memphis,70,0.471,0.299,0.733,6.5,2.9,1.5,0.6,2.3,15.2
Aron Baynes,Washington State,122,0.546,0.333,0.698,5.4,0.3,0.3,0.8,1.2,8.7
Kent Bazemore,Old Dominion,140,0.447,0.334,0.581,4.6,2.7,1.8,0.5,2.3,10.1
Bradley Beal,Florida,37,0.445,0.339,0.769,6.7,2.2,1.4,0.8,2.1,14.8
Patrick Beverley,Arkansas,70,0.42,0.382,0.73,5.5,2.8,1.5,0.4,2,13
Chris Copeland,Colorado,113,0.431,0.361,0.701,3.8,1,0.4,0.8,1.2,7.5
Jae Crowder,Marquette,72,0.492,0.35,0.683,7.6,1.8,1.9,0.9,1,14.6
Jared Cunningham,Cleveland State,33,0.377,0.329,0.75,2.6,0.4,0.4,0.4,0.7,5.2
Anthony Davis,Austin Peay,124,0.42,0.311,0.728,4.4,2.3,1.6,0.3,2,13.3
Andre Drummond,UConn,34,0.538,0,0.295,7.6,0.4,0.8,2.7,1.5,10
Kim English,Missouri,141,0.42,0.394,0.727,3,1.4,1.1,0.2,1.7,11.1
Festus Ezeli,Vanderbilt,121,0.562,0.333595588,0.584,4.5,0.1,0.3,1.7,1.6,7.7
Diante Garrett,Iowa State,128,0.407,0.297,0.729,2.8,4.8,1.2,0.2,2.8,10.7
Draymond Green,Michigan State,145,0.467,0.361,0.687,7.6,2.9,1.2,0.8,1.9,10.5
Ben Hansbrough,Notre Dame,69,0.469,0.425,0.78,3.9,4.3,1.1,0.1,2.1,15.1
Maurice Harkless,St. John's (NY),32,0.452,0.215,0.676,8.6,1.5,1.6,1.4,2.5,15.5
John Henson,UNC,109,0.497,0.208,0.484,8.1,1,0.6,2.5,1.5,10.3
Justin Holiday,Washington,123,0.443,0.343,0.736,3.6,1.5,0.8,0.5,1,5.3
John Jenkins,Vanderbilt,98,0.468,0.438,0.856,2.7,1.1,0.7,0.3,1.3,16.9
Chris Johnson,Dayton,138,0.427,0.371,0.826,6.1,1.1,0.8,0.4,1.1,10.6
Orlando Johnson,UCSB,93,0.468,0.411,0.736,5.8,2.7,1,0.6,2.6,19.6
Darius Johnson-Odom,Marquette,105,0.444,0.403,0.722,3.1,2.5,0.9,0.2,2.1,15.7
DeQuan Jones,Miami (FL),111,0.44,0.169,0.632,2.4,0.5,0.5,0.5,1.1,4.6
Kevin Jones,Bradley,9,0,0,0,0,0.1,0,0,0,0
Perry Jones,Baylor,63,0.522,0.279,0.678,7.4,1.2,0.7,0.7,2,13.7
Terrence Jones,Kentucky,76,0.467,0.328,0.638,8,1.5,1.2,1.8,1.8,14
Kris Joseph,Syracuse,140,0.449,0.331,0.702,4.5,1.5,1.3,0.5,1.6,10.5
Michael Kidd-Gilchrist,Kentucky,40,0.491,0.255,0.745,7.4,1.9,1,0.9,2.2,11.9
Doron Lamb,Kentucky,78,0.485,0.475,0.811,2.3,1.6,0.5,0.1,1.2,13.1
Jeremy Lamb,UConn,75,0.482,0.348,0.806,4.7,1.7,1,0.6,1.6,14.1
Meyers Leonard,Illinois,65,0.567,0.083,0.729,4.7,0.7,0.3,1.1,1.4,7.7
Damian Lillard,Weber State,104,0.446,0.39,0.867,4.3,3.5,1.2,0.2,2.4,18.6
Scott Machado,Iona,132,0.429,0.342,0.74,3.9,6.7,1.4,0.1,3.3,12.2
Kendall Marshall,UNC,73,0.446,0.366,0.693,2.3,8,1.1,0.1,2.6,7.2
Fab Melo,Syracuse,63,0.576,0.333595588,0.553,3.8,0.5,0.4,1.8,1.1,4.9
Khris Middleton,Texas A&M,87,0.431,0.321,0.768,4.6,2,1,0.2,2,11.3
Darius Miller,Kentucky,152,0.448,0.379,0.815,3.2,1.8,0.8,0.7,1.4,8.2
Quincy Miller,Baylor,37,0.447,0.348,0.816,4.9,1.4,0.7,0.6,1.8,10.6
Arnett Moultrie,Mississippi State,30,0.549,0.444,0.78,10.5,1.2,0.8,0.8,2.4,16.4
Kevin Murphy,Tennessee Tech,128,0.443,0.372,0.734,4.2,1.9,0.8,0.2,3,15.8
Andrew Nicholson,St. Bonaventure,123,0.575,0.377,0.72,7.2,0.7,0.5,2,2.4,17.1
Kyle O'Quinn,Norfolk State,129,0.553,0.261,0.685,8.5,0.9,0.5,2.2,2,12.5
Miles Plumlee,Duke,135,0.557,1,0.625,4.8,0.3,0.5,0.6,1,4.8
Austin Rivers,Duke,34,0.433,0.365,0.658,3.4,2.1,1,0,2.3,15.5
Brian Roberts,Dayton,125,0.452,0.441,0.849,3,2.8,0.5,0.1,2.2,15.7
Terrence Ross,Washington,69,0.453,0.364,0.764,4.7,1.2,0.9,0.7,1.4,12.3
Robert Sacre,Gonzaga,136,0.504,0.25,0.735,5,0.7,0.5,1.4,1.6,9.3
Mike Scott,Eastern Kentucky,55,0.389,0.286,0.677,3.5,2,1.3,0.1,1.6,6.2
Henry Sims,Georgetown,121,0.479,0.118,0.654,3.2,1.4,0.3,0.8,1.3,4.9
Kyle Singler,Duke,148,0.433,0.363,0.773,6.9,2,1.1,0.7,2.1,16.2
Jared Sullinger,Ohio State,74,0.53,0.365,0.733,9.7,1.2,1.1,0.8,1.8,17.3
Jeffery Taylor,Vanderbilt,134,0.483,0.358,0.693,5.6,1.9,1.1,0.4,2.3,14.2
Tyshawn Taylor,Kansas,146,0.477,0.37,0.708,2.2,3.9,1.2,0.2,2.6,10.8
Marquis Teague,Kentucky,40,0.412,0.325,0.714,2.5,4.8,0.9,0.3,2.7,10
Jarvis Varnado,Mississippi State,141,0.589,0.25,0.595,7.8,0.6,0.5,4,1.4,10
Dion Waiters,Syracuse,71,0.453,0.348,0.753,1.9,2,1.5,0.2,1.1,9.7
Maalik Wayns,Villanova,95,0.412,0.291,0.848,2.7,3.4,0.9,0,2.3,12.5
Chris Wright,Dayton,123,0.489,0.229,0.662,7.2,1.2,0.8,1.3,2.5,13
Tony Wroten,Washington,35,0.443,0.161,0.583,5,3.7,1.9,0.4,3.8,16
Luke Zeller,Notre Dame,128,0.417,0.36,0.574,2.5,0.6,0.2,0.3,0.6,4.2
Tyler Zeller,UNC,117,0.543,0,0.775,6.7,0.6,0.7,1.1,1.4,12.8
Lavoy Allen,Temple,135,0.534,0.288,0.671,8.5,2.1,0.5,1.6,1.4,10.5
Keith Benson,Oakland,135,0.558,0.379,0.679,8.2,0.7,0.5,2.7,1.4,14.1
MarShon Brooks,Providence,113,0.464,0.333,0.739,4.3,1.5,1.1,0.7,1.8,14.4
Alec Burks,Colorado,68,0.495,0.313,0.804,5.8,2.4,1.1,0.4,2.3,19
Jimmy Butler,Marquette,106,0.508,0.383,0.773,5.5,1.7,1.1,0.5,1,12
Derrick Byars,Vanderbilt,64,0.467,0.4,0.713,4.3,3.3,1.2,0.2,2.4,14.8
Norris Cole,Cleveland State,140,0.435,0.321,0.826,3.2,3.3,1.5,0.1,2,14.1
Justin Dentmon,Washington,133,0.428,0.349,0.789,3.2,3,1.4,0.1,2.3,10.7
Jerome Dyson,UConn,113,0.39,0.318,0.735,3.9,2.9,1.7,0.5,2.8,14.4
Kenneth Faried,Morehead State,136,0.569,0.25,0.583,12.3,0.9,1.7,1.8,2.2,14.8
Jeff Foote,Cornell,87,0.573,0.333595588,0.603,7.3,2.1,0.4,1.8,2,11
Courtney Fortson,Arkansas,47,0.397,0.311,0.677,5.4,5.9,1.2,0.1,4.7,16
Jimmer Fredette,BYU,139,0.455,0.394,0.882,2.6,3.7,1.2,0.1,2.5,18.7
Mickell Gladness,Alabama A&M,85,0.442,0,0.667,7,0.5,0.6,4.7,1.6,7.3
Andrew Goudelock,College of Charleston,140,0.457,0.413,0.838,3.3,3,0.9,0.3,2.2,18.4
Jordan Hamilton,Lehigh,93,0.425,0.324,0.753,1.4,0.5,0.3,0.3,0.7,4.3
Justin Harper,Richmond,137,0.483,0.382,0.711,4.8,0.7,0.6,0.8,1.3,10.6
Josh Harrellson,Kentucky,94,0.549,0.31,0.649,4.7,0.4,0.5,0.9,0.6,4.7
Terrel Harris,Oklahoma State,134,0.44,0.366,0.815,3.8,1.5,1.3,0.2,2.1,9.8
Tobias Harris,Tennessee,34,0.46,0.303,0.753,7.3,1.3,0.7,0.9,1.8,15.3
Cory Higgins,Colorado,132,0.467,0.347,0.825,4.1,2.4,1.5,0.4,2.3,15.2
Darington Hobson,New Mexico,35,0.44,0.361,0.653,9.3,4.6,1.3,0.4,3,15.9
Tyler Honeycutt,UCLA,59,0.431,0.359,0.684,6.9,2.8,1.2,1.7,2.8,10.3
Dennis Horner,NC State,128,0.468,0.358,0.781,2.9,0.9,0.5,0.5,0.9,6.8
Kyrie Irving,Duke,11,0.529,0.462,0.901,3.4,4.3,1.5,0.5,2.5,17.5
Reggie Jackson,Boston College,99,0.465,0.351,0.753,4.4,3.5,0.8,0.5,2.1,12.7
Charles Jenkins,Hofstra,128,0.456,0.382,0.811,4.3,3.8,1.7,0.6,3,19.6
Carldell Johnson,Alabama-Birmingham,96,0.405,0.401,0.716,2.3,5,2.3,0,1.6,5.7
Ivan Johnson,Oregon,28,0.5,0,0.634,3.2,0.4,0.9,0.3,1.7,7.5
JaJuan Johnson,Purdue,140,0.501,0.25,0.743,6.1,0.7,0.7,1.9,1.3,13.7
Jerome Jordan,Tulsa,133,0.567,0.333595588,0.696,7.4,0.8,0.4,2.5,2,11.3
Cory Joseph,Texas,36,0.422,0.413,0.699,3.6,3,1,0.3,1.5,10.4
D.J. Kennedy,St. John's (NY),129,0.436,0.358,0.746,6.1,2.4,1.4,0.5,2.1,11.7
Brandon Knight,Kentucky,38,0.423,0.377,0.795,4,4.2,0.7,0.2,3.2,17.3
Malcolm Lee,UCLA,94,0.441,0.278,0.717,3,2,0.8,0.2,1.7,9.7
Kawhi Leonard,San Diego State,70,0.449,0.25,0.744,10.2,2.2,1.4,0.6,2.2,14.1
Travis Leslie,Georgia,90,0.482,0.333,0.743,6.1,2.1,1.1,0.7,2,12.2
Jon Leuer,Wisconsin,123,0.482,0.368,0.723,4.5,1.1,0.4,0.7,1.2,11.2
DeAndre Liggins,Kentucky,100,0.407,0.332,0.643,3,2.1,0.9,0.5,1.5,5.8
Shelvin Mack,Butler,108,0.419,0.357,0.755,4.2,3.3,1.1,0.1,2.2,14.1
Vernon Macklin,Florida,71,0.599,0.333595588,0.511,5.5,0.8,0.5,0.8,1.5,11.1
E'Twaun Moore,Purdue,140,0.44,0.38,0.729,4.4,2.9,1.2,0.4,2.1,15.3
Darius Morris,Michigan,67,0.469,0.223,0.695,2.9,4.8,0.8,0.1,2.3,9.9
Marcus Morris,Kansas,109,0.555,0.358,0.66,6.2,1.3,0.9,0.4,1.6,12.6
Markieff Morris,Kansas,109,0.553,0.404,0.653,6.1,1.2,0.6,0.9,1.6,8.5
Daniel Orton,Kentucky,38,0.527,0,0.524,3.3,0.4,0.6,1.4,1,3.4
Jeremy Pargo,Gonzaga,134,0.465,0.311,0.704,3.4,4.4,1.3,0.1,2.7,9.3
Chandler Parsons,Florida,142,0.477,0.337,0.611,6,2.4,0.9,0.3,1.6,10.2
Ryan Reid,Florida State,126,0.495,1,0.604,3.9,0.7,0.5,0.6,1.6,5
Josh Selby,Kansas,26,0.373,0.362,0.757,2.2,2.2,0.8,0,2,7.9
Iman Shumpert,Georgia Tech,92,0.396,0.305,0.738,4.5,4.2,2.3,0.2,3,12.7
Xavier Silas,Northern Illinois,51,0.421,0.361,0.831,4.9,1.7,1,0.4,3.2,21
Chris Singleton,Florida State,95,0.419,0.33,0.592,6.2,1.5,1.9,1.4,2.4,10.3
Donald Sloan,Texas A&M,138,0.428,0.336,0.732,3.3,2.7,0.6,0.1,1.9,11
Greg Smith,Delaware State,49,0.391,0.667,0.688,1.7,0.2,0.3,0.3,0.4,2.5
Jerry Smith,Louisville,138,0.454,0.389,0.73,3.1,1.7,1.3,0.2,1.4,8.7
Nolan Smith,Duke,143,0.448,0.368,0.8,2.8,2.8,1,0.1,2,13.4
Greg Stiemsma,Wisconsin,95,0.545,0,0.759,2.3,0.8,0.2,1,0.7,2.7
Julyan Stone,UTEP,138,0.425,0.265,0.617,5.5,5.2,1.5,0.4,1.9,5.8
Isaiah Thomas,Washington,105,0.426,0.325,0.713,3.5,4,1.2,0.1,2.7,16.4
Lance Thomas,Duke,140,0.525,0.333595588,0.6,3.6,0.5,0.6,0.2,1.2,4.6
Malcolm Thomas,Louisiana-Monroe,39,0.387,0.38,0.772,4.1,0.7,1.1,0.3,1.7,10.8
Trey Thompkins,Georgia,89,0.469,0.357,0.729,7.8,1.4,1,1.3,2.6,15.7
Klay Thompson,Washington State,98,0.424,0.39,0.827,4.8,2.6,1.3,0.8,2.9,17.9
Mychel Thompson,Pepperdine,128,0.357,0.326,0.76,4.3,1.6,1.1,0.6,1.7,11
Tristan Thompson,North Texas,128,0.439,0.396,0.816,2.8,1.3,0.6,0.1,1.7,12.7
Edwin Ubiles,Siena,131,0.497,0.353,0.672,4.3,2.1,1.2,0.7,2.1,14.8
Kemba Walker,UConn,111,0.428,0.326,0.783,4.4,4.1,1.7,0.3,2.3,16.1
Derrick Williams,Birmingham-Southern,27,0.418,0.431,0.813,3.2,3.2,1.3,0,1.883079057,11.1
Elliot Williams,Memphis,34,0.459,0.366,0.758,4,3.8,1.3,0.1,2.9,17.9
Jordan Williams,Maryland,66,0.528,0.333595588,0.559,10.2,0.4,0.7,1.2,1.3,13.2
Chris Wright,Dayton,123,0.489,0.229,0.662,7.2,1.2,0.8,1.3,2.5,13
Jeff Adrien,UConn,133,0.515,0.333,0.606,8.5,1.1,0.6,1.1,1.9,12.1
Solomon Alabi,Florida State,77,0.534,0,0.745,5.4,0.4,0.5,2.1,1.7,9.1
Cole Aldrich,Kansas,111,0.574,0.333595588,0.729,7.7,0.6,0.5,2.3,1.2,9.4
Al-Farouq Aminu,Wake Forest,62,0.476,0.238,0.687,9.4,1.4,1.2,1.3,2.9,14.4
James Anderson,BYU,87,0.463,0.333595588,0.39,1.3,0.2,0.1,0.4,0.2,1.6
Luke Babbitt,Nevada,68,0.48,0.421,0.893,8.1,1.8,0.9,0.8,2.1,19.4
Eric Bledsoe,Kentucky,37,0.462,0.383,0.667,3.1,2.9,1.4,0.3,3,11.3
Trevor Booker,Clemson,134,0.559,0.324,0.624,7.9,1.7,1.1,1.9,1.9,12.9
Craig Brackins,Iowa State,96,0.445,0.292,0.726,7.7,1.6,0.5,1,2,16
Avery Bradley,Texas,34,0.432,0.375,0.545,2.9,2.1,1.3,0.5,1.5,11.6
Derrick Caracter,UTEP,27,0.567,0.267,0.672,8.1,1.1,1,0.9,2.9,14.1
Sherron Collins,Kansas,143,0.444,0.377,0.808,2.4,3.9,1,0,2.3,13.2
Marcus Cousin,Houston,62,0.503,0,0.735,6.3,0.5,0.4,1.5,0.8,7.9
DeMarcus Cousins,Kentucky,38,0.558,0.167,0.604,9.8,1,1,1.8,2.1,15.1
Jordan Crawford,Xavier,35,0.462,0.391,0.773,4.7,2.9,1.3,0.2,2.4,20.5
Ed Davis,UNC,61,0.548,0.333595588,0.623,7.7,0.7,0.4,2.1,1.4,9.2
Zabian Dowdell,Virginia Tech,122,0.43,0.367,0.745,3.2,3.1,2,0.2,2.2,14.6
Devin Ebanks,West Virginia,69,0.463,0.114,0.736,7.9,2.6,0.9,0.7,2.1,11.2
Jeremy Evans,Western Kentucky,134,0.639,0.364,0.684,5.9,0.5,0.6,1.7,1,7.9
Derrick Favors,Georgia Tech,36,0.611,0,0.629,8.4,1,0.9,2.1,2.5,12.4
Landry Fields,Stanford,129,0.463,0.342,0.676,5,1.6,0.9,0.4,1.5,10.8
Gary Forbes,UMass,69,0.415,0.304,0.69,6.7,2.8,1,0.6,2.8,16.3
Paul George,Fresno State,63,0.447,0.396,0.803,6.7,2.4,2,0.9,2.7,15.5
Blake Griffin,Oklahoma,68,0.618,0.3,0.589,11.8,2.1,1.1,1,2.8,18.8
Luke Harangody,Notre Dame,129,0.476,0.326,0.782,9.5,1.6,0.8,0.7,1.8,19.2
Manny Harris,Michigan,98,0.406,0.318,0.827,5.7,3.7,1.5,0.4,3.2,17
Gordon Hayward,Butler,69,0.47,0.369,0.824,7.4,1.8,1.3,0.9,2,14.4
Lazar Hayward,Marquette,138,0.452,0.357,0.789,6.6,0.9,1.1,0.3,1.7,13.5
Xavier Henry,Kansas,36,0.458,0.418,0.783,4.4,1.5,1.5,0.5,1.9,13.4
Damion James,Texas,142,0.479,0.364,0.64,9.3,1.1,1,1.1,1.8,13.5
Armon Johnson,Nevada,101,0.467,0.289,0.75,3.7,4.4,0.8,0.2,2.7,14.3
Chris Johnson,Dayton,138,0.427,0.371,0.826,6.1,1.1,0.8,0.4,1.1,10.6
Wesley Johnson,Charleston Southern,52,0.529,0.333595588,0.508,1.5,0.1,0.2,0.3,0.3,1.6
Dominique Jones,South Florida,95,0.442,0.323,0.737,5.4,3.5,1.5,0.4,2.6,18.9
Gani Lawal,Georgia Tech,99,0.548,0,0.552,7.2,0.4,0.6,1.3,2.1,11.8
Jeremy Lin,Harvard,115,0.481,0.333,0.733,4.3,3.5,2,0.6,2.9,12.9
Greg Monroe,Georgetown,65,0.543,0.273,0.677,8.2,3.2,1.5,1.5,2.9,14.5
Hamady N'Diaye,Rutgers,124,0.539,0,0.592,5.5,0.4,0.4,2.9,1.4,5.8
Gary Neal,Towson,49,0.446,0.36,0.823,4.1,3.3,1.6,0.2,2.7,25.6
Larry Owens,Oral Roberts,66,0.545,0.346,0.569,7.7,2.8,1.6,1.1,2.3,10.9
Patrick Patterson,Kentucky,97,0.585,0.329,0.734,8.2,1.5,0.7,1.6,1.6,16.1
Dexter Pittman,Texas,134,0.623,0.333595588,0.601,3.9,0.3,0.2,0.9,1.1,6.6
Quincy Pondexter,Washington,136,0.503,0.327,0.768,5.6,1.7,0.8,0.3,1.9,13.1
Andy Rautins,Syracuse,127,0.396,0.374,0.763,2.6,2.7,1.4,0.2,1.7,8.8
Samardo Samuels,Louisville,70,0.549,0,0.689,5.9,1.1,0.6,1.2,2.3,13.5
Larry Sanders,VCU,101,0.52,0.25,0.577,7.7,0.5,0.6,2.7,1.5,10.3
Mustafa Shakur,Arizona,131,0.452,0.355,0.786,3.7,5.1,1.2,0.1,3,10.1
Lance Stephenson,Cincinnati,34,0.44,0.219,0.664,5.4,2.5,0.9,0.2,2.4,12.3
Evan Turner,Ohio State,101,0.502,0.362,0.758,6.8,4.1,1.6,0.7,3.5,15
Ekpe Udoh,Baylor,36,0.49,0.269,0.685,9.8,2.7,0.8,3.7,2.4,13.9
Ben Uzoh,Tulsa,141,0.454,0.349,0.782,5,3,1.1,0.7,2.4,13.8
John Wall,Kentucky,37,0.461,0.325,0.754,4.3,6.5,1.8,0.5,4,16.6
Willie Warren,Oklahoma,57,0.459,0.35,0.788,2.6,3.5,1.1,0.1,2.8,15.2
Hassan Whiteside,Marshall,34,0.524,0.6,0.588,8.9,0.3,0.6,5.4,1.9,13.1
Antonio Anderson,Memphis,150,0.418,0.308,0.648,4,3.6,1.4,0.3,1.6,8.5
DeJuan Blair,Pitt,72,0.568,0.333595588,0.614,10.7,1.1,1.6,1,1.6,13.6
Jon Brockman,Washington,131,0.534,0,0.612,9.8,1,0.8,0.1,2.1,13.8
Derrick Brown,Xavier,106,0.573,0.415,0.718,5.6,1.5,0.7,0.8,1.6,10.3
Chase Budinger,Arizona,100,0.469,0.383,0.782,5.8,2.8,1.3,0.4,2.1,17
DeMarre Carroll,Missouri,70,0.549,0.311,0.624,6.9,1.8,1.4,0.7,1.5,14.9
Earl Clark,Louisville,104,0.467,0.298,0.64,7,1.7,0.9,1.2,2.1,10.6
Darren Collison,UCLA,142,0.475,0.435,0.851,2.3,4.1,1.6,0.1,2.4,11.5
Dante Cunningham,Villanova,139,0.524,0.333,0.693,5.9,1,1.2,0.8,1.8,9.6
JamesOn Curry,Oklahoma State,101,0.437,0.404,0.758,2.9,3.5,1,0.2,2.8,13.5
Stephen Curry,Davidson,104,0.467,0.412,0.876,4.5,3.7,2.1,0.3,3,25.3
Austin Daye,Gonzaga,67,0.477,0.422,0.79,5.8,1,0.7,1.9,1.9,11.6
DeMar DeRozan,USC,35,0.523,0.167,0.646,5.7,1.5,0.9,0.4,2.1,13.9
Toney Douglas,Florida State,99,0.448,0.376,0.806,3.3,2.9,1.9,0.3,2.6,16.7
Wayne Ellington,UNC,115,0.463,0.397,0.809,4.1,2.2,0.9,0.1,1.5,14.7
Tyreke Evans,Memphis,37,0.455,0.274,0.711,5.4,3.9,2.1,0.8,3.6,17.1
Jonny Flynn,Syracuse,73,0.46,0.333,0.782,2.7,6,1.5,0.2,3.1,16.6
Sundiata Gaines,Georgia,123,0.411,0.303,0.591,5.5,3.9,2.1,0.2,2.6,11.9
Alonzo Gee,Alabama,128,0.447,0.325,0.632,5.7,1.3,1.2,0.4,2.1,12.7
Taj Gibson,USC,105,0.58,0.333595588,0.629,8.5,1.4,0.7,2.4,2.5,12.4
Trey Gilder,Northwestern State,60,0.497,0.263,0.782,4.9,1.5,1.3,0.6,2.5,14.5
Danny Green,UNC,145,0.455,0.375,0.845,4.1,1.8,1.1,1.1,1.4,9.4
Taylor Griffin,Oklahoma,129,0.468,0.22,0.721,4.8,1,0.9,0.8,1.4,6.6
Tyler Hansbrough,UNC,142,0.536,0.316,0.791,8.6,1.1,1.3,0.5,2.1,20.2
James Harden,Arizona State,69,0.506,0.376,0.755,5.4,3.7,1.9,0.4,3,19
Jordan Hill,Arizona,97,0.578,0.333595588,0.636,7.9,0.8,0.5,1.4,2,12.5
Jrue Holiday,UCLA,35,0.45,0.307,0.726,3.8,3.7,1.6,0.5,2.1,8.5
Lester Hudson,UT-Martin,65,0.456,0.372,0.858,7.9,4.4,2.6,0.6,3.6,26.6
Chris Hunter,Michigan,105,0.464,0.318,0.749,3.5,0.5,0.5,0.9,1.5,7
Cedric Jackson,Cleveland State,71,0.405,0.35,0.659,5.3,5.2,2.8,0.2,3.7,12.3
Othyus Jeffers,UIC,63,0.477,0.167,0.607,8.1,2.8,1.3,0.4,2.8,13.5
Brandon Jennings,Fort Wayne,52,0.448,0.333,0.771,2.6,0.6,0.5,0,0.6,3.3
James Johnson,Quinnipiac,127,0.385,0.37,0.792,3.5,3.8,1.5,0.1,2.2,13.6
Oliver Lafayette,Houston,64,0.359,0.322,0.725,5.1,2.5,2.9,0.2,2,15
Marcus Landry,Wisconsin,121,0.49,0.361,0.67,4.2,1.2,0.6,0.8,1.5,9.2
Ty Lawson,UNC,105,0.517,0.403,0.78,2.9,5.8,1.8,0.1,2.1,13.1
Wesley Matthews,Marquette,127,0.444,0.341,0.799,4.9,2.1,1.2,0.3,2.2,13.2
Eric Maynor,VCU,130,0.449,0.37,0.791,3.4,5.2,1.3,0.2,2.4,15
Jodie Meeks,Kentucky,81,0.436,0.386,0.89,3,1.6,1.1,0.1,1.8,15.4
A.J. Price,UConn,99,0.413,0.365,0.722,3.4,4.7,1.1,0.1,2.4,13
DaJuan Summers,Georgetown,101,0.439,0.353,0.727,4.4,1.3,1,0.6,2.2,11.2
Jermaine Taylor,UCF,122,0.466,0.376,0.764,3.9,1.4,0.9,0.4,2.2,16.2
Jeff Teague,Wake Forest,61,0.462,0.421,0.812,3,3,1.9,0.6,3,16.4
Garrett Temple,LSU,134,0.371,0.278,0.783,3.7,3.6,1.4,0.8,2.2,6.7
Hasheem Thabeet,UConn,100,0.611,0.333595588,0.625,8.5,0.4,0.4,4.2,1.8,10.3
Marcus Thornton,LSU,66,0.455,0.382,0.771,5.5,1.8,1.5,0.3,2,20.4
Reggie Williams,Georgetown,138,0.49,0.386,0.768,6.4,2.4,1.5,0.5,2.3,15.3
Terrence Williams,Louisville,140,0.4,0.32,0.589,6.9,3.9,1.5,0.6,2.4,11.2
Sam Young,Pitt,143,0.498,0.356,0.692,5,1,0.8,0.8,1.9,13.2
Joe Alexander,West Virginia,82,0.447,0.295,0.765,4.8,2,0.6,1.2,1.8,12.1
Ryan Anderson,California,66,0.484,0.396,0.841,9,1,0.5,0.5,1.8,18.7
Darrell Arthur,Kansas,78,0.541,0.118,0.676,5.5,0.6,0.7,1.4,1.6,11.3
D.J. Augustin,Texas,73,0.443,0.402,0.808,2.9,6.2,1.4,0,3,16.9
Jerryd Bayless,Arizona,30,0.458,0.407,0.839,2.7,4,1,0.1,3,19.7
Michael Beasley,Kansas State,33,0.532,0.379,0.774,12.4,1.2,1.3,1.6,2.9,26.2
Bobby Brown,Cal State Fullerton,116,0.428,0.377,0.789,2.5,4.4,1.3,0.1,3.1,16.9
Mario Chalmers,Kansas,110,0.486,0.419,0.767,2.8,3.8,2.6,0.4,2.4,12.2
Joe Crawford,Kentucky,127,0.438,0.35,0.702,3.4,1.5,0.5,0.2,1.6,11.3
Joey Dorsey,Memphis,149,0.614,0.333595588,0.42,8.1,0.5,1.1,1.8,1.3,6.7
Chris Douglas-Roberts,Memphis,109,0.54,0.372,0.725,3.7,1.7,1,0.4,2,14.2
J.R. Giddens,New Mexico,59,0.481,0.313,0.588,7.8,2.8,1.2,0.9,2.4,16.1
Eric Gordon,Indiana,32,0.433,0.337,0.834,3.3,2.4,1.3,0.6,3.6,20.9
Malik Hairston,Oregon,117,0.504,0.395,0.643,5.1,2.1,0.6,0.6,2,14.1
Roy Hibbert,Georgetown,136,0.603,1,0.68,5.9,1.3,0.4,1.9,1.5,10.9
J.J. Hickson,NC State,31,0.591,0,0.677,8.5,1,0.7,1.5,2.7,14.8
George Hill,IUPUI,95,0.529,0.404,0.785,5.8,3.3,1.6,0.3,2.5,17
Steven Hill,Arkansas,132,0.589,0,0.519,3.3,0.3,0.7,2.4,1,4
Othello Hunter,Ohio State,76,0.583,0.308,0.603,5.5,0.6,0.5,1.3,1,7.8
Darnell Jackson,Kansas,125,0.58,0.333,0.685,4.9,0.5,0.5,0.4,1,6.8
Dontell Jefferson,Arkansas,62,0.389,0.277,0.67,2.6,3.3,1.1,0.3,2,3.6
Trey Johnson,Jackson State,67,0.431,0.375,0.746,4.7,2.4,1.2,0.1,3.2,25.3
DeAndre Jordan,Texas A&M,35,0.617,0.333595588,0.437,6,0.4,0.2,1.3,1.6,7.9
Kosta Koufos,Ohio State,37,0.508,0.349,0.68,6.7,0.5,0.4,1.8,1.5,14.4
Rob Kurz,Notre Dame,108,0.468,0.409,0.81,6,1.3,0.6,1.1,1.5,9.4
Courtney Lee,Western Kentucky,127,0.464,0.401,0.817,5.2,2.2,1.9,0.6,2.5,17.6
Brook Lopez,Stanford,53,0.48,0.143,0.764,7.1,1.1,0.5,1.9,2.1,16
Robin Lopez,Stanford,67,0.511,0.5,0.612,5.6,0.8,0.3,2.3,1.6,9
Kevin Love,UCLA,39,0.559,0.354,0.767,10.6,1.9,0.7,1.4,2,17.5
Cartier Martin,Kansas State,112,0.458,0.399,0.78,4.8,1.5,0.7,0.2,1.7,13.8
O.J. Mayo,USC,33,0.442,0.409,0.803,4.5,3.3,1.5,0.4,3.5,20.7
JaVale McGee,Nevada,66,0.542,0.356,0.514,4.8,0.3,0.5,1.8,1.6,8.7
Anthony Morrow,Georgia Tech,123,0.437,0.421,0.867,3.3,1,0.8,0.2,1.1,11.4
DeMarcus Nelson,Duke,124,0.466,0.373,0.586,4.9,1.8,1.2,0.3,2.1,10.8
Greg Oden,Ohio State,32,0.616,0.333595588,0.628,9.6,0.7,0.6,3.3,2,15.7
Anthony Randolph,LSU,31,0.464,0.105,0.693,8.5,1.2,1.1,2.3,3,15.6
Derrick Rose,Memphis,40,0.477,0.337,0.712,4.5,4.7,1.2,0.4,2.7,14.9
Brandon Rush,Kansas,109,0.449,0.435,0.733,5.5,2,0.7,0.8,2.1,13.6
Walter Sharpe,Alabama-Birmingham,12,0.523,0,0.523,6.8,1.7,1.2,1.8,2.8,14.2
Sean Singletary,Virginia,123,0.406,0.362,0.846,4,4.8,1.6,0.1,3.3,16.9
Marreese Speights,Florida,69,0.633,0.333595588,0.688,5.4,0.5,0.3,0.9,1.1,9.5
Mike Taylor,Iowa State,31,0.376,0.36,0.682,4.1,4.5,1.1,0.1,5.4,16
Jason Thompson,Rider,122,0.526,0.291,0.667,9.6,2,0.9,1.9,2.6,16.7
Anthony Tolliver,Creighton,124,0.491,0.333,0.671,4.9,1.1,0.6,1.1,1.4,8.1
Kyle Weaver,Washington State,121,0.464,0.277,0.716,4.7,3.8,1.6,0.8,2.6,9.6
Sonny Weems,Arkansas,69,0.473,0.366,0.767,4.6,2.3,1.3,0.3,2.7,13.3
Russell Westbrook,UCLA,75,0.464,0.354,0.685,2.4,2.5,1,0.1,1.6,8.3
D.J. White,Indiana,99,0.562,0.333,0.69,7.6,0.9,0.7,2,1.7,14.6
Jawad Williams,UNC,128,0.487,0.349,0.724,4.8,1.5,0.7,0.7,1.6,12.7
