Player,School,G,GS,MP,FG,FGA,FGP,2P,2PA,2PP,3P,3PA,3P%,FT,FTA,FTP,ORB,DRB,TRB,AST,STL,BLK,TOV,PTS,SOS
Jaylen Adams,St. Bonaventure,110,108,36.3,4.8,11.3,.427,2.4,5.1,.467,2.5,6.2,.394,5.3,6.3,.838,0.5,2.8,3.4,5.4,1.5,0.2,2.9,17.4,1.82
Deng Adel,Louisville,89,71,26.8,3.9,9.0,.438,2.8,5.7,.489,1.1,3.3,.348,2.2,2.9,.776,0.6,3.5,4.1,2.0,0.5,0.3,1.7,11.2,9.32
DeVaughn Akoon-Purcell,Illinois State,60,48,27.2,4.6,10.7,.428,3.8,8.0,.472,0.8,2.7,.301,3.5,4.7,.739,1.7,3.6,5.3,1.6,1.0,0.3,2.3,13.5,2.73
Rawle Alkins,Arizona,60,57,29.3,4.0,9.0,.450,2.8,5.5,.505,1.3,3.5,.365,2.4,3.3,.729,1.7,3.2,4.9,2.2,1.0,0.6,2.1,11.8,7.24
Grayson Allen,Duke,142,97,27.9,4.3,9.9,.430,2.2,4.5,.490,2.0,5.4,.380,3.5,4.2,.834,0.5,2.6,3.2,3.0,1.0,0.1,1.7,14.1,10.27
Kostas Antetokounmpo,Dayton,29,6,15.1,2.0,3.5,.574,1.9,3.0,.651,0.1,0.5,.133,1.1,2.2,.516,0.8,2.0,2.9,0.4,0.2,1.1,1.3,5.2,2.70
Deandre Ayton,Arizona,35,35,33.5,7.9,12.9,.612,7.5,11.9,.635,0.3,1.0,.343,4.0,5.5,.733,3.4,8.2,11.6,1.6,0.6,1.9,2.0,20.1,6.84
Mohamed Bamba,Texas,30,29,30.2,4.9,9.0,.541,4.4,7.3,.603,0.5,1.7,.275,2.7,4.0,.681,3.2,7.3,10.5,0.5,0.8,3.7,1.5,12.9,10.67
Keita Bates-Diop,Ohio State,109,70,24.8,4.3,9.1,.472,3.2,5.9,.537,1.1,3.2,.352,1.9,2.5,.776,1.1,4.6,5.7,1.1,0.6,1.2,1.2,11.7,7.69
Jaron Blossomgame,Clemson,128,125,30.7,4.9,10.0,.488,4.1,7.7,.541,0.8,2.4,.316,3.0,4.1,.724,1.9,4.6,6.5,1.1,0.6,0.7,1.5,13.5,7.50
Jonah Bolden,UCLA,31,11,21.7,1.6,4.0,.415,1.4,2.8,.483,0.3,1.2,.250,1.1,1.5,.733,1.2,3.7,4.8,1.1,0.7,0.9,0.8,4.6,9.69
Mikal Bridges,Villanova,116,73,27.3,3.9,7.5,.525,2.5,3.8,.645,1.5,3.7,.400,1.9,2.3,.845,1.1,3.2,4.3,1.6,1.4,0.9,1.1,11.3,9.74
Miles Bridges,Michigan State,62,60,31.6,6.2,13.2,.470,4.2,7.8,.537,2.0,5.5,.375,2.5,3.2,.776,1.4,6.2,7.6,2.4,0.6,1.1,2.1,17.0,8.80
Isaiah Briscoe,Kentucky,70,69,31.3,4.2,9.3,.455,3.9,7.9,.495,0.3,1.4,.229,2.2,3.9,.555,1.5,3.9,5.4,3.7,0.9,0.2,2.2,10.9,9.67
Ryan Broekhoff,Valparaiso,134,107,27.2,3.8,8.2,.464,1.9,3.6,.536,1.9,4.6,.408,2.4,2.9,.818,1.4,4.9,6.3,1.8,1.0,0.7,1.4,11.9,0.23
Bruce Brown,Hampton,114,75,20.4,3.7,6.2,.602,3.7,6.2,.602,0.0,0.0,,1.5,3.2,.470,1.8,3.2,5.0,0.4,0.2,1.2,1.8,9.0,-10.69
Troy Brown,Providence,118,,14.4,2.3,4.8,.480,2.2,4.6,.478,0.1,0.2,.522,1.3,1.8,.688,,,4.2,0.3,0.3,0.5,,5.9,7.58
Jalen Brunson,Villanova,116,115,28.9,5.0,9.8,.510,3.5,5.9,.587,1.5,3.9,.393,2.9,3.5,.820,0.4,2.1,2.5,3.7,0.8,0.0,1.9,14.4,9.74
Deonte Burton,Nevada,130,128,33.8,5.0,11.4,.439,3.6,7.2,.498,1.4,4.2,.337,4.8,6.4,.751,0.4,2.5,2.9,4.0,1.3,0.4,2.2,16.2,2.59
Jevon Carter,West Virginia,144,112,29.9,4.1,10.0,.407,2.4,5.3,.453,1.7,4.7,.355,2.4,3.0,.798,0.9,2.8,3.7,3.9,2.3,0.2,1.8,12.2,9.53
Wendell Carter,Texas,48,,,1.1,2.1,.505,1.0,2.1,.500,0.0,0.1,.667,0.3,0.9,.364,,,1.8,0.2,0.4,0.4,,2.5,6.62
Troy Caupain,Cincinnati,137,102,29.1,3.2,8.0,.397,2.0,4.6,.438,1.1,3.3,.338,2.2,2.8,.762,0.5,3.1,3.6,3.8,1.1,0.2,1.6,9.6,5.10
Joe Chealey,College of Charleston,129,109,31.1,4.1,10.2,.404,2.7,6.2,.440,1.4,4.0,.347,4.5,5.6,.805,0.5,3.0,3.5,3.1,0.9,0.1,1.9,14.2,-1.66
Chris Chiozza,Florida,139,65,25.1,2.5,6.3,.391,1.5,3.5,.445,0.9,2.9,.327,1.5,2.0,.747,0.4,2.8,3.2,4.1,1.4,0.1,1.6,7.4,9.99
Gary Clark,Wake Forest,109,26,13.9,1.8,4.0,.451,1.0,2.2,.465,0.8,1.8,.434,0.7,1.0,.752,0.3,0.9,1.1,0.7,0.6,0.1,0.8,5.1,7.64
Bonzie Colson,Notre Dame,125,82,25.1,4.9,9.2,.528,4.5,8.1,.552,0.4,1.1,.350,2.9,3.8,.772,2.1,5.1,7.2,1.0,1.0,1.2,1.0,13.1,8.58
Tyler Davis,Dartmouth,43,0,3.4,0.4,1.3,.296,0.2,0.7,.357,0.1,0.6,.231,0.5,0.8,.629,0.2,0.4,0.6,0.2,0.2,0.1,0.3,1.4,-6.17
Angel Delgado,Seton Hall,132,130,30.6,4.9,9.1,.538,4.9,9.0,.541,0.0,0.0,.000,2.3,4.3,.539,3.9,7.1,11.0,1.7,0.6,0.8,2.2,12.1,8.80
Marcus Derrickson,Georgetown,89,73,25.7,3.3,7.2,.459,2.0,3.9,.513,1.3,3.3,.397,2.4,2.8,.856,1.7,4.0,5.6,1.4,0.5,0.6,1.7,10.3,7.70
Hamidou Diallo,Kentucky,37,37,24.8,3.6,8.5,.428,2.9,6.4,.458,0.7,2.1,.338,2.1,3.4,.616,0.9,2.8,3.6,1.2,0.8,0.4,1.4,10.0,10.73
Donte DiVincenzo,Villanova,85,12,25.4,3.6,7.6,.469,2.0,3.6,.573,1.5,4.0,.378,1.6,2.2,.705,1.1,2.9,4.0,2.4,0.9,0.2,1.6,10.2,9.74
Trevon Duval,Duke,37,34,29.8,4.0,9.4,.428,3.2,6.5,.490,0.8,2.9,.290,1.4,2.4,.596,0.5,1.4,2.0,5.6,1.5,0.1,2.8,10.3,9.71
Vince Edwards,Western Kentucky,53,,,0.6,1.5,.390,0.6,1.5,.416,0.0,0.1,.000,0.2,0.5,.423,,,1.0,1.0,0.3,0.1,,1.4,
Drew Eubanks,Oregon State,96,94,28.3,4.7,7.8,.598,4.7,7.8,.598,0.0,0.0,,2.4,3.5,.693,1.9,4.6,6.6,0.9,0.5,1.7,2.0,11.7,6.57
Jacob Evans,Cincinnati,105,80,29.1,4.0,9.4,.429,2.4,5.0,.476,1.7,4.4,.377,2.0,2.7,.755,1.3,3.0,4.3,2.5,1.1,0.9,1.3,11.7,4.75
Melvin Frazier,Tulane,94,69,27.7,3.8,7.9,.481,3.0,5.2,.572,0.9,2.8,.312,2.1,3.2,.653,1.2,3.2,4.4,1.7,1.6,0.5,2.0,10.6,3.37
Billy Garrett,DePaul,125,119,29.2,3.7,9.6,.386,2.6,6.1,.423,1.1,3.5,.323,4.5,5.4,.841,0.3,2.4,2.7,3.5,0.9,0.2,2.6,13.1,7.77
Harry Giles,Duke,26,6,11.5,1.7,3.0,.577,1.7,3.0,.577,0.0,0.0,,0.5,0.9,.500,1.6,2.3,3.8,0.3,0.3,0.7,0.7,3.9,10.91
Shai Gilgeous-Alexander,Kentucky,37,24,33.7,4.9,10.2,.485,4.3,8.6,.500,0.6,1.5,.404,3.9,4.7,.817,0.9,3.2,4.1,5.1,1.6,0.5,2.7,14.4,10.73
Brandon Goodwin,Florida Gulf Coast,68,67,32.5,6.5,13.3,.490,5.1,8.7,.582,1.4,4.5,.314,4.1,5.4,.769,1.0,4.1,5.0,4.4,1.3,0.1,2.5,18.5,
Devonte' Graham,Kansas,142,111,31.7,3.8,9.1,.422,1.8,4.0,.437,2.1,5.1,.409,2.5,3.2,.787,0.4,2.7,3.1,4.5,1.4,0.1,1.9,12.3,11.86
Donte Grantham,Clemson,114,113,30.2,3.5,8.5,.414,2.1,4.3,.494,1.4,4.2,.333,1.2,1.6,.726,1.4,3.4,4.8,1.9,0.9,0.7,1.5,9.6,8.32
Dusty Hannahs,Arkansas,68,43,25.8,5.0,11.2,.448,2.8,5.7,.486,2.3,5.6,.410,3.1,3.4,.889,0.6,1.5,2.0,1.1,0.5,0.1,1.5,15.4,
Aaron Holiday,UCLA,101,65,31.8,4.7,10.5,.450,2.9,6.2,.469,1.8,4.2,.422,3.1,3.9,.795,0.5,2.7,3.2,4.7,1.2,0.2,3.0,14.3,7.65
Kevin Huerter,Maryland,65,65,31.9,4.2,9.0,.466,2.1,3.6,.572,2.1,5.4,.394,1.5,2.0,.748,0.8,4.2,5.0,3.0,0.8,0.7,1.9,12.0,8.11
Isaac Humphries,Kentucky,61,2,8.6,1.0,2.1,.473,1.0,2.1,.473,0.0,0.0,,0.4,0.7,.650,1.2,1.5,2.7,0.2,0.2,0.6,0.4,2.4,9.67
Chandler Hutchison,Boise State,123,89,24.0,4.3,8.9,.476,3.6,7.1,.508,0.6,1.8,.353,2.9,4.2,.687,1.1,4.3,5.5,2.1,1.0,0.2,1.9,12.0,2.57
Frank Jackson,Georgia Southern,52,,,1.8,3.8,.472,1.8,3.8,.472,0.0,0.0,,1.5,2.7,.550,,,4.3,0.3,0.2,1.0,,5.0,-6.08
Jaren Jackson,Georgetown,130,40,16.5,2.9,6.4,.444,2.6,5.4,.477,0.8,2.1,.365,1.2,1.7,.709,,,2.9,1.2,1.0,0.2,1.3,7.5,8.40
Amile Jefferson,Duke,150,103,22.3,2.8,4.6,.620,2.8,4.6,.620,0.0,0.0,,1.5,2.6,.575,2.4,3.9,6.3,0.9,0.6,0.9,0.9,7.2,9.88
Alize Johnson,Missouri State,66,66,30.7,5.2,11.3,.457,3.9,7.5,.523,1.2,3.8,.325,3.3,4.6,.716,3.2,7.9,11.1,2.4,0.5,0.3,2.3,14.9,0.82
B.J. Johnson,Villanova,29,1,4.9,0.1,0.6,.188,0.1,0.3,.300,0.0,0.2,.000,0.3,0.4,.692,0.1,0.2,0.4,0.1,0.3,0.0,0.3,0.5,6.46
Jemerrio Jones,New Mexico State,68,33,26.4,4.4,8.8,.503,4.3,7.8,.547,0.1,1.0,.138,1.4,2.5,.573,3.3,7.5,10.8,3.1,1.1,0.6,2.2,10.4,-2.46
George King,Colorado,127,89,22.6,3.5,7.9,.444,2.1,4.3,.478,1.4,3.6,.401,1.8,2.4,.731,1.4,3.9,5.4,0.7,0.4,0.3,1.5,10.2,7.36
Kevin Knox,Kentucky,37,37,32.4,5.3,11.9,.445,3.8,7.4,.509,1.5,4.5,.341,3.4,4.4,.774,0.9,4.5,5.4,1.4,0.8,0.3,2.3,15.6,10.73
Zach Lofton,New Mexico State,33,31,31.9,6.6,14.4,.456,3.9,7.5,.526,2.6,6.9,.380,4.3,5.6,.772,1.1,3.9,5.0,1.7,1.1,0.1,2.2,20.1,
Jordan Loyd,Furman,28,13,21.0,2.0,5.4,.367,1.5,3.4,.427,0.5,1.9,.259,1.5,2.2,.661,0.7,2.8,3.5,1.8,0.5,0.1,1.6,5.9,-4.60
Daryl Macon,Arkansas,71,51,28.0,4.4,9.9,.450,2.3,4.6,.500,2.1,5.2,.405,4.1,4.7,.871,0.5,2.3,2.8,3.1,1.1,0.1,1.8,15.1,9.22
J.P. Macura,Xavier,141,79,25.0,3.5,7.8,.448,2.2,4.2,.532,1.3,3.7,.352,2.3,2.8,.798,1.1,2.1,3.2,2.1,1.2,0.2,1.5,10.6,9.72
Yante Maten,Georgia,128,97,27.9,5.1,10.6,.483,4.7,9.5,.493,0.5,1.1,.403,4.0,5.4,.755,2.6,4.3,6.9,1.0,0.4,1.6,1.9,14.7,9.05
Tahjere McCall,Tennessee State,58,55,31.0,4.6,10.3,.445,4.1,8.4,.486,0.5,1.9,.266,4.8,6.9,.699,1.5,3.5,5.1,4.0,2.6,0.4,3.4,14.5,
De'Anthony Melton,USC,36,25,27.0,2.8,6.4,.437,2.2,4.4,.510,0.6,2.1,.284,2.1,3.0,.706,1.4,3.3,4.7,3.5,1.9,1.0,1.8,8.3,6.40
Chimezie Metu,USC,104,71,27.0,4.8,8.9,.533,4.6,8.5,.545,0.1,0.4,.302,2.7,3.9,.692,1.8,4.5,6.3,1.2,0.7,1.6,1.7,12.3,6.78
Sviatoslav Mykhailiuk,Kansas,136,70,22.6,3.1,7.3,.428,1.4,3.0,.455,1.7,4.3,.409,0.7,1.0,.746,0.7,1.8,2.5,1.5,0.7,0.2,1.1,8.7,11.86
Josh Okogie,Georgia Tech,61,61,33.0,5.4,12.3,.437,4.3,9.4,.454,1.1,2.8,.382,5.1,6.6,.777,1.8,4.0,5.8,2.0,1.5,0.8,2.3,16.9,7.84
Theo Pinson,UNC,122,58,21.7,2.1,5.0,.431,1.8,3.5,.504,0.4,1.5,.257,1.6,2.2,.734,1.2,3.2,4.4,3.4,0.8,0.3,1.5,6.3,11.50
Cameron Reynolds,Tulane,135,69,26.3,3.6,9.3,.387,2.2,5.1,.432,1.4,4.3,.334,1.5,2.1,.716,0.9,3.5,4.5,1.2,0.6,0.3,1.2,10.1,1.74
Duncan Robinson,Michigan,115,49,24.9,3.1,6.8,.455,1.0,1.9,.545,2.1,4.9,.419,1.1,1.2,.864,0.5,2.1,2.5,1.2,0.6,0.3,0.7,9.3,9.16
Jerome Robinson,Bradley,113,68,25.1,2.7,6.2,.440,1.9,3.9,.477,0.8,2.3,.375,2.1,2.8,.741,0.6,3.6,3.2,1.8,0.8,0.6,1.5,8.4,3.22
Brandon Sampson,LSU,85,40,20.2,2.7,6.0,.442,1.7,2.9,.566,1.0,3.1,.324,1.6,2.2,.745,0.5,1.8,2.3,1.0,0.6,0.2,1.3,7.9,7.91
Collin Sexton,Alabama,33,32,29.9,5.9,13.3,.447,4.6,9.3,.495,1.3,4.0,.336,5.9,7.6,.778,1.0,2.7,3.8,3.6,0.8,0.1,2.8,19.2,10.64
Landry Shamet,Wichita State,71,68,28.6,4.2,8.7,.480,1.9,3.6,.542,2.2,5.1,.437,2.3,2.8,.811,0.5,2.5,3.0,4.1,0.8,0.2,1.5,12.9,4.22
Jordan Sibert,Dayton,73,69,29.8,4.4,9.7,.456,2.2,3.9,.561,2.2,5.8,.384,3.0,3.9,.760,0.3,2.5,2.8,1.7,1.3,0.1,1.5,14.1,
Zhaire Smith,Texas Tech,37,21,28.4,4.2,7.5,.556,3.7,6.4,.574,0.5,1.1,.450,2.5,3.4,.717,2.2,2.8,5.0,1.8,1.1,1.1,1.1,11.3,9.60
Omari Spellman,Villanova,40,39,28.1,4.0,8.4,.476,2.4,4.7,.511,1.6,3.8,.433,1.2,1.8,.700,2.3,5.8,8.0,0.8,0.7,1.5,1.0,10.9,10.24
Jared Terrell,Rhode Island,134,131,31.6,4.4,10.8,.406,2.9,6.8,.430,1.4,3.9,.365,2.9,3.8,.763,0.7,2.3,3.0,2.1,1.3,0.2,1.7,13.1,3.85
Khyri Thomas,Creighton,102,95,27.2,4.2,8.2,.511,2.9,5.1,.578,1.3,3.2,.406,1.5,2.1,.719,1.1,3.5,4.6,2.5,1.4,0.3,1.6,11.2,7.83
Gary Trent,Ohio,93,,33.8,8.6,14.9,.573,8.4,14.2,.590,0.2,0.7,.246,5.4,7.8,.687,,,11.3,2.0,0.6,1.1,3.3,22.7,0.19
Allonzo Trier,Arizona,78,67,31.5,5.1,10.6,.479,3.2,5.7,.566,1.8,4.9,.378,4.7,5.7,.827,0.4,3.3,3.7,2.4,0.5,0.2,2.0,16.8,7.23
Jarred Vanderbilt,Kentucky,14,0,17.0,2.1,4.9,.426,2.1,4.8,.433,0.0,0.1,.000,1.7,2.7,.632,3.3,4.6,7.9,1.0,0.4,0.8,1.1,5.9,10.73
Moritz Wagner,Michigan,107,77,21.0,3.9,7.2,.547,2.9,4.5,.643,1.0,2.7,.385,1.5,2.2,.698,1.2,3.3,4.5,0.5,0.8,0.4,1.2,10.4,9.16
Brad Wanamaker,Pitt,134,68,23.5,2.7,6.1,.437,2.2,4.6,.466,0.5,1.5,.344,2.3,3.2,.722,0.9,3.0,3.9,3.4,1.0,0.2,1.9,8.1,7.92
Julian Washburn,UTEP,130,126,34.2,4.6,10.5,.435,3.6,7.8,.468,0.9,2.7,.341,1.7,2.5,.699,0.8,3.0,3.8,2.1,0.9,0.4,1.6,11.7,1.19
Yuta Watanabe,George Washington,134,107,30.1,3.8,8.9,.425,2.6,5.5,.481,1.2,3.5,.337,2.1,2.7,.788,1.1,3.4,4.5,1.5,0.7,1.1,1.3,10.9,2.82
Thomas Welsh,UCLA,132,94,25.0,4.0,7.5,.537,3.7,6.6,.554,0.3,0.9,.407,1.0,1.3,.798,2.4,5.5,7.8,0.8,0.4,1.1,0.7,9.5,7.80
Johnathan Williams,Charlotte,14,0,,0.1,0.6,.250,0.0,0.3,.000,0.1,0.3,.500,0.1,0.1,.500,0.1,0.1,0.1,0.1,0.1,0.0,0.4,0.5,8.25
Kenrich Williams,TCU,102,85,32.2,4.1,8.4,.484,3.1,5.8,.533,1.0,2.6,.375,1.9,3.0,.625,3.0,5.6,8.6,2.7,1.4,0.7,1.4,11.0,8.65
Robert Williams,Florida Atlantic,122,59,21.1,2.7,5.6,.487,2.7,5.6,.487,0.0,0.0,,1.2,2.1,.551,2.2,2.5,4.7,0.4,0.4,0.6,1.2,6.6,-5.22
Trae Young,Oklahoma,32,32,35.4,8.2,19.3,.422,4.5,9.1,.493,3.7,10.3,.360,7.4,8.6,.861,0.4,3.5,3.9,8.7,1.7,0.3,5.2,27.4,10.56
Jarrett Allen,Texas,33,33,32.2,5.4,9.6,.566,5.4,9.4,.579,0.0,0.2,.000,2.5,4.5,.564,3.0,5.4,8.4,0.8,0.6,1.5,2.5,13.4,12.75
Kadeem Allen,Arizona,68,61,27.5,3.0,6.6,.459,2.3,4.8,.482,0.7,1.8,.400,2.3,3.1,.725,0.3,3.3,3.6,3.3,1.3,0.7,2.0,9.1,7.43
Ike Anigbogu,UCLA,29,0,13.0,2.0,3.5,.564,2.0,3.5,.564,0.0,0.0,,0.8,1.5,.535,1.4,2.6,4.0,0.2,0.2,1.2,0.8,4.7,6.39
OG Anunoby,Indiana,50,10,17.4,2.7,4.8,.563,2.1,3.3,.652,0.5,1.5,.365,0.9,1.8,.522,1.4,2.1,3.5,0.8,1.0,0.9,1.1,6.8,7.53
Ryan Arcidiacono,Villanova,144,142,31.9,3.4,8.5,.397,1.6,3.5,.453,1.8,5.1,.358,2.6,3.2,.800,0.3,2.0,2.3,3.7,1.2,0.0,1.8,11.1,8.32
Jamel Artis,Pitt,135,98,27.6,4.3,9.1,.470,3.0,5.8,.524,1.3,3.3,.378,2.7,3.6,.759,1.4,3.3,4.6,2.3,0.5,0.3,1.9,12.6,8.68
Dwayne Bacon,Florida State,69,67,28.8,6.1,13.5,.449,4.8,9.3,.510,1.3,4.1,.312,3.1,4.2,.733,1.2,3.8,5.0,1.6,1.0,0.1,2.1,16.5,8.52
Lonzo Ball,UCLA,36,36,35.1,5.3,9.5,.551,3.0,4.1,.732,2.2,5.4,.412,1.8,2.7,.673,0.9,5.1,6.0,7.6,1.8,0.8,2.5,14.6,6.39
Jordan Bell,Oregon,105,62,24.7,3.3,5.4,.610,3.3,5.2,.622,0.0,0.2,.188,1.2,1.8,.630,2.1,4.7,6.8,1.5,1.1,2.2,1.5,7.8,8.23
Khem Birch,UNLV,59,47,27.2,3.3,6.2,.527,3.3,6.2,.527,0.0,0.0,,3.1,4.6,.678,3.2,5.0,8.2,0.9,0.7,3.3,1.3,9.6,
Jabari Bird,California,114,80,26.4,3.9,8.9,.442,2.3,4.5,.512,1.6,4.4,.371,1.2,1.6,.753,0.8,2.5,3.3,1.2,0.5,0.3,1.2,10.8,6.95
Antonio Blakeney,LSU,64,54,31.8,5.2,11.7,.444,3.5,6.9,.510,1.6,4.7,.347,2.8,3.8,.736,0.9,3.2,4.1,1.3,0.7,0.1,1.4,14.8,7.85
Chris Boucher,Oregon,69,47,24.8,4.3,8.2,.532,3.3,5.0,.650,1.1,3.2,.344,2.2,3.4,.641,2.3,4.5,6.8,0.4,0.6,2.7,1.1,12.0,8.51
Tony Bradley,UNC,38,0,14.6,2.7,4.7,.573,2.7,4.7,.573,0.0,0.0,,1.7,2.8,.619,2.6,2.6,5.1,0.6,0.3,0.6,0.7,7.1,11.76
Dillon Brooks,Oregon,109,98,28.9,5.4,11.4,.472,4.2,8.0,.518,1.2,3.4,.362,2.8,3.5,.794,1.6,2.9,4.5,2.6,0.9,0.5,2.1,14.8,8.23
Sterling Brown,Washington,32,0,4.9,0.6,1.4,.435,0.4,0.9,.483,0.2,0.5,.353,0.3,0.5,.533,0.3,0.4,0.8,0.4,0.1,0.0,0.3,1.7,10.11
Thomas Bryant,Indiana,69,69,25.3,4.4,7.5,.592,4.0,6.4,.630,0.4,1.1,.373,3.0,4.1,.718,2.1,4.1,6.2,1.2,0.6,1.2,2.0,12.2,7.53
Alex Caruso,Texas A&M,137,120,28.7,2.8,6.1,.455,2.1,4.2,.509,0.7,2.0,.340,1.7,2.5,.685,0.8,3.0,3.7,4.7,2.0,0.4,2.5,8.0,5.71
Tyler Cavanaugh,George Washington,73,73,31.3,5.6,11.8,.476,4.0,7.8,.508,1.6,4.0,.412,4.7,5.6,.837,2.2,5.8,8.0,1.6,0.5,0.3,2.4,17.5,
Gian Clavell,Colorado State,70,39,31.0,5.0,11.9,.418,2.9,6.0,.473,2.1,5.9,.362,3.1,4.4,.698,0.9,4.2,5.2,1.7,1.3,0.6,1.6,15.2,1.47
Antonius Cleveland,Southeast Missouri State,121,108,28.8,4.8,9.8,.494,4.3,8.0,.540,0.5,1.8,.288,2.7,4.4,.612,1.4,3.3,4.7,2.0,1.3,0.6,1.9,12.9,-4.51
John Collins,Wake Forest,64,34,20.7,4.9,8.2,.601,4.9,8.2,.602,0.0,0.0,.000,3.6,4.9,.729,2.8,4.2,7.0,0.4,0.5,1.2,1.4,13.4,10.16
Zach Collins,Gonzaga,39,0,17.3,3.5,5.3,.652,3.2,4.8,.672,0.3,0.5,.476,2.8,3.8,.743,1.7,4.2,5.9,0.4,0.5,1.8,1.5,10.0,4.13
Kyle Collinsworth,BYU,140,128,30.9,4.4,9.2,.477,4.2,8.5,.495,0.2,0.8,.280,3.2,4.9,.642,2.2,5.3,7.5,5.0,1.6,0.4,2.6,12.2,4.71
Charles Cooke,Dayton,61,58,31.9,5.1,11.4,.451,3.4,7.0,.484,1.8,4.4,.399,3.6,5.2,.695,1.2,4.3,5.5,2.3,1.2,1.1,1.9,15.7,
Matt Costello,Michigan State,138,62,16.5,2.4,4.2,.567,2.3,4.1,.576,0.0,0.1,.167,1.3,1.8,.713,1.7,2.9,4.7,0.8,0.4,1.1,0.7,6.0,9.21
Torrey Craig,USC Upstate,131,124,31.0,5.7,13.8,.413,3.4,6.9,.495,2.3,6.9,.330,2.6,3.8,.671,2.1,5.1,7.2,1.8,1.1,0.8,2.6,16.2,-2.98
Tyler Dorsey,Oregon,75,74,30.0,4.6,10.0,.455,2.5,5.1,.493,2.1,5.0,.416,2.9,3.9,.732,1.1,2.8,3.9,1.8,0.8,0.1,1.7,14.1,8.51
Damyean Dotson,Houston,64,64,32.6,5.7,11.8,.485,3.1,5.3,.575,2.7,6.5,.412,1.5,1.9,.832,1.7,5.1,6.9,1.2,0.8,0.2,1.0,15.6,
Milton Doyle,Loyola (IL),121,98,30.4,4.4,10.2,.438,3.3,6.8,.484,1.2,3.4,.344,3.2,4.5,.718,0.7,3.4,4.1,3.8,1.2,0.6,3.1,13.3,0.36
PJ Dozier,South Carolina,70,64,24.0,4.0,10.1,.398,3.3,7.4,.442,0.7,2.7,.277,1.6,2.8,.579,0.9,3.0,3.9,2.4,1.3,0.3,2.4,10.4,7.99
Jawun Evans,Oklahoma State,54,52,29.1,5.7,12.7,.448,4.7,10.2,.458,1.0,2.5,.407,4.2,5.1,.818,0.6,3.2,3.8,5.8,1.5,0.1,2.7,16.6,10.51
De'Aaron Fox,Kentucky,36,34,29.6,5.9,12.4,.479,5.5,10.5,.521,0.5,1.9,.246,4.3,5.9,.736,0.6,3.4,4.0,4.6,1.5,0.2,2.4,16.7,10.49
Markelle Fultz,Washington,25,25,35.7,8.4,17.6,.476,6.3,12.5,.502,2.1,5.0,.413,4.4,6.7,.649,1.3,4.4,5.7,5.9,1.6,1.2,3.2,23.2,6.82
Josh Gray,LSU,63,29,20.1,2.5,6.0,.415,2.1,4.5,.470,0.3,1.4,.242,1.0,1.6,.610,0.3,1.8,2.1,2.8,1.0,0.0,2.0,6.3,
Daniel Hamilton,UConn,71,71,31.6,4.2,10.9,.384,2.9,7.1,.409,1.3,3.9,.337,2.0,2.6,.772,1.0,7.3,8.3,4.2,1.0,0.4,2.3,11.7,5.25
Shaquille Harrison,Tulsa,133,133,30.2,3.9,8.7,.444,3.6,7.5,.479,0.2,1.2,.216,3.2,4.9,.645,0.9,3.6,4.5,3.5,1.8,0.4,2.3,11.1,2.67
Josh Hart,Villanova,146,77,28.0,4.6,9.1,.511,3.2,5.4,.592,1.4,3.6,.389,2.5,3.4,.720,1.7,3.8,5.6,1.8,1.1,0.3,1.3,13.2,8.51
Nigel Hayes,Wisconsin,150,112,29.6,4.0,9.1,.446,3.4,7.0,.478,0.7,2.0,.332,3.6,5.5,.666,1.8,3.5,5.3,2.1,0.9,0.4,1.6,12.4,9.82
Reggie Hearn,Northwestern,95,63,20.2,2.3,5.1,.457,1.5,2.8,.541,0.8,2.3,.353,1.6,2.1,.752,0.7,2.1,2.8,1.0,0.6,0.2,1.2,7.1,7.17
Myke Henry,DePaul,63,63,28.5,5.0,10.1,.500,4.2,7.8,.538,0.8,2.3,.371,1.9,2.7,.706,2.1,3.7,5.8,1.1,1.0,0.4,2.3,12.8,
Isaiah Hicks,UNC,151,45,16.2,2.8,4.9,.573,2.8,4.9,.577,0.0,0.0,.167,1.8,2.5,.725,1.5,2.2,3.6,0.7,0.3,0.5,1.1,7.4,10.66
John Holland,Boston University,129,108,32.5,5.6,12.9,.434,3.6,7.4,.493,2.0,5.6,.355,4.0,4.9,.807,1.7,3.9,5.6,1.2,1.6,0.3,1.9,17.1,-4.23
Vince Hunter,UTEP,67,58,27.1,4.9,9.1,.540,4.9,8.9,.544,0.1,0.2,.333,3.7,6.1,.604,2.5,5.4,7.9,1.5,1.0,0.9,2.4,13.6,-0.23
Andre Ingram,American,118,117,33.2,4.7,12.1,.393,2.5,6.2,.401,2.2,5.8,.385,2.3,2.9,.787,0.9,3.6,4.5,1.7,1.0,0.1,1.8,14.0,-5.01
Jonathan Isaac,Florida State,32,32,26.2,4.1,8.0,.508,3.1,5.2,.593,1.0,2.8,.348,2.9,3.7,.780,1.8,6.1,7.8,1.2,1.2,1.5,1.5,12.0,8.87
Wesley Iwundu,Kansas State,132,123,28.2,3.2,6.9,.463,2.8,5.8,.488,0.4,1.1,.338,2.6,3.8,.688,1.2,3.5,4.7,2.8,0.9,0.4,2.1,9.5,9.51
Aaron Jackson,Duquesne,120,101,31.6,4.4,8.4,.521,3.5,5.8,.599,0.9,2.5,.342,2.3,3.0,.772,1.6,2.9,4.5,4.2,1.4,0.1,2.3,11.9,1.48
Josh Jackson,South Carolina State,30,8,17.6,3.2,6.1,.530,3.2,6.1,.530,0.0,0.0,,1.5,2.6,.577,1.6,3.1,4.7,1.0,0.2,0.4,2.3,8.0,
Justin Jackson,Tennessee,6,3,1.3,0.0,0.3,.000,0.0,0.3,.000,0.0,0.0,,0.0,0.3,.000,0.3,0.2,0.5,0.0,0.0,0.0,0.0,0.0,8.12
Mike James,Duquesne,111,,25.8,4.8,10.9,.444,4.0,8.3,.479,0.8,2.5,.329,2.2,3.0,.726,,,3.0,3.1,1.8,0.1,,12.7,5.13
Dakari Johnson,Kentucky,78,18,15.2,2.1,3.8,.537,2.1,3.8,.537,0.0,0.0,,1.6,2.9,.559,1.9,2.4,4.3,0.5,0.3,0.8,0.9,5.8,9.28
Omari Johnson,Oregon State,120,66,20.8,2.4,5.7,.418,1.7,3.3,.508,0.7,2.4,.293,0.9,1.5,.600,1.3,2.7,4.0,0.7,0.6,0.3,1.3,6.4,6.43
Jalen Jones,Texas A&M,64,59,28.0,5.0,11.6,.436,4.3,9.3,.465,0.7,2.3,.317,3.7,5.2,.715,1.9,5.0,6.9,0.7,0.8,0.4,1.5,14.5,
Luke Kennard,Duke,73,47,31.2,5.2,11.2,.461,3.2,6.1,.526,2.0,5.1,.383,3.4,3.9,.867,1.1,3.3,4.3,2.0,0.9,0.3,1.2,15.7,10.75
Luke Kornet,Vanderbilt,128,76,24.1,3.0,7.2,.417,1.8,3.5,.519,1.2,3.7,.320,1.7,2.2,.779,1.2,3.6,4.8,1.1,0.4,1.6,1.1,8.9,8.03
Kyle Kuzma,Utah,96,64,21.0,3.9,7.7,.506,3.3,5.9,.567,0.5,1.8,.302,1.8,2.8,.633,1.6,3.9,5.5,1.5,0.3,0.4,1.6,10.1,6.84
T.J. Leaf,UCLA,35,35,29.9,6.7,10.9,.617,5.9,9.2,.644,0.8,1.7,.466,2.1,3.0,.679,2.2,6.0,8.2,2.4,0.6,1.1,1.5,16.3,6.39
Damion Lee,Louisville,30,30,33.6,5.1,11.8,.428,3.0,5.9,.517,2.0,6.0,.341,3.8,4.5,.843,0.6,3.3,3.9,2.0,1.5,0.0,1.7,15.9,
Tyler Lydon,Syracuse,71,34,33.1,3.9,8.2,.476,2.5,4.8,.531,1.4,3.5,.400,2.4,2.9,.809,2.0,5.4,7.4,1.6,1.1,1.6,1.5,11.6,9.11
Lauri Markkanen,Arizona,37,37,30.8,5.0,10.2,.492,3.1,5.8,.545,1.9,4.4,.423,3.7,4.4,.835,2.4,4.8,7.2,0.9,0.4,0.5,1.1,15.6,7.63
Frank Mason,Kansas,145,113,30.0,4.2,9.2,.454,2.9,6.2,.471,1.3,3.0,.420,3.3,4.4,.761,0.5,2.9,3.4,4.0,1.1,0.1,1.9,13.0,11.74
Mangok Mathiang,Louisville,114,44,18.0,1.8,3.6,.506,1.8,3.6,.506,0.0,0.0,,1.2,1.9,.599,2.3,2.5,4.8,0.5,0.5,1.3,0.9,4.8,8.17
Erik McCree,Louisiana Tech,99,98,29.1,5.2,11.3,.464,3.8,7.3,.527,1.4,3.9,.348,3.1,4.3,.735,1.4,5.8,7.3,1.0,0.6,0.5,2.2,14.9,
Trey McKinney-Jones,Miami (FL),69,46,27.3,2.8,6.4,.436,1.4,2.7,.505,1.4,3.7,.385,1.1,1.3,.815,0.5,3.0,3.4,1.5,0.7,0.0,1.1,8.1,
Alfonzo McKinnie,Green Bay,42,20,19.7,2.9,6.4,.449,2.2,4.5,.489,0.6,1.8,.351,0.9,1.7,.535,1.6,3.1,4.8,0.2,0.5,0.5,1.1,7.3,
Malcolm Miller,Holy Cross,112,93,26.0,3.0,6.7,.445,2.0,4.1,.491,0.9,2.5,.370,2.2,2.8,.765,0.7,4.0,4.8,1.5,0.8,1.3,1.6,9.0,-3.57
Donovan Mitchell,Louisville,65,38,26.0,4.1,9.8,.418,2.6,5.2,.497,1.5,4.6,.329,2.0,2.5,.788,1.1,3.0,4.1,2.2,1.5,0.3,1.3,11.7,9.44
Malik Monk,Kentucky,38,37,32.1,6.6,14.7,.450,3.9,7.8,.497,2.7,6.9,.397,3.9,4.7,.822,0.3,2.2,2.5,2.3,0.9,0.5,2.0,19.8,10.49
Ben Moore,SMU,135,93,24.5,3.4,6.3,.539,3.4,6.3,.541,0.0,0.0,.200,2.2,3.3,.663,2.2,3.5,5.8,1.8,0.8,0.9,1.4,9.0,4.39
Monte Morris,Iowa State,140,121,33.8,4.5,9.5,.476,3.5,6.7,.517,1.1,2.9,.381,2.0,2.6,.780,0.8,2.9,3.7,5.5,1.6,0.3,1.2,12.2,10.28
Johnathan Motley,Baylor,102,77,24.3,4.7,9.0,.519,4.6,8.6,.535,0.1,0.5,.240,2.5,3.9,.654,2.7,3.7,6.4,1.3,0.4,1.2,2.0,12.0,10.32
Abdel Nader,Iowa State,67,35,24.1,3.4,7.6,.454,2.4,4.4,.547,1.0,3.1,.321,1.7,2.2,.745,0.7,3.3,4.0,1.1,0.7,0.6,1.7,9.5,
Royce O'Neale,Baylor,71,64,29.5,2.8,5.8,.483,1.7,3.4,.508,1.1,2.5,.448,1.8,2.6,.683,2.0,3.6,5.6,3.1,1.0,0.3,1.7,8.5,
Semi Ojeleye,SMU,35,35,34.1,6.0,12.3,.487,3.9,7.4,.529,2.1,4.9,.424,4.9,6.3,.785,2.3,4.6,6.9,1.5,0.4,0.4,1.4,19.0,
Marcus Paige,UNC,141,139,32.4,4.3,10.5,.407,2.1,4.8,.446,2.1,5.7,.374,2.5,3.0,.848,0.4,2.4,2.8,4.3,1.4,0.2,1.9,13.3,9.72
Justin Patton,Creighton,35,34,25.3,5.7,8.5,.676,5.5,8.0,.683,0.2,0.4,.533,1.3,2.5,.517,1.7,4.5,6.2,1.2,0.9,1.4,1.7,12.9,8.95
Brandon Paul,Illinois,138,87,26.6,3.8,9.8,.384,2.2,5.1,.439,1.5,4.7,.325,2.9,4.0,.724,0.8,3.0,3.8,2.2,1.1,0.5,2.3,12.0,9.69
London Perrantes,Virginia,138,134,32.1,2.9,7.1,.405,1.3,3.4,.400,1.5,3.7,.409,1.6,2.0,.812,0.3,2.4,2.7,4.1,0.9,0.1,1.5,8.9,9.43
Alec Peters,Valparaiso,134,134,31.7,5.9,12.1,.487,3.7,6.9,.539,2.2,5.2,.416,3.6,4.2,.846,2.0,5.5,7.4,1.5,0.8,0.3,1.9,17.5,-0.95
Jacob Pullen,Kansas State,135,115,29.5,4.8,11.9,.408,2.6,5.7,.459,2.2,6.1,.361,3.9,5.1,.770,0.5,1.9,2.4,3.4,1.6,0.1,2.6,15.8,7.93
Rodney Purvis,UConn,102,77,31.4,4.5,11.0,.410,2.5,5.5,.459,2.0,5.5,.360,1.8,2.7,.676,0.4,2.8,3.2,1.9,0.9,0.2,1.7,12.8,
Ivan Rabb,California,65,64,30.6,4.8,8.8,.544,4.7,8.5,.549,0.1,0.3,.409,3.5,5.2,.666,2.9,6.6,9.4,1.2,0.6,1.1,1.8,13.2,7.10
Xavier Rathan-Mayes,Florida State,100,96,30.5,4.3,10.1,.424,3.0,5.8,.521,1.3,4.3,.294,2.5,3.7,.666,0.5,2.7,3.2,4.5,1.0,0.0,2.6,12.4,8.02
Davon Reed,Miami (FL),131,99,28.1,3.3,7.8,.430,1.8,3.9,.466,1.5,3.9,.395,2.0,2.6,.779,0.7,3.0,3.6,1.6,0.9,0.4,1.4,10.3,8.24
Devin Robinson,Florida,105,71,23.0,3.2,7.1,.450,2.2,4.2,.527,1.0,2.8,.336,1.6,2.2,.714,1.4,3.4,4.9,0.6,0.6,0.6,0.9,8.9,9.96
Ben Simmons,LSU,33,32,34.9,6.5,11.7,.560,6.5,11.6,.561,0.0,0.1,.333,6.0,9.0,.670,3.1,8.6,11.8,4.8,2.0,0.8,3.4,19.2,7.00
Kobi Simmons,Arizona,37,19,23.5,3.0,7.6,.395,2.1,4.9,.432,0.9,2.6,.327,1.9,2.4,.775,0.4,1.3,1.6,2.0,0.6,0.1,1.2,8.7,7.63
Dennis Smith,Utah,3,,,1.3,2.0,.667,1.3,2.0,.667,0.0,0.0,,0.7,0.7,1.000,,,1.3,0.0,0.0,0.0,,3.3,4.36
Edmond Sumner,Xavier,58,49,26.6,3.5,8.2,.429,2.9,6.0,.483,0.6,2.2,.285,3.7,5.1,.730,0.5,3.0,3.5,3.8,1.2,0.4,2.2,11.4,9.81
Caleb Swanigan,Purdue,69,69,29.2,5.1,10.2,.501,4.2,7.9,.537,0.9,2.3,.376,3.3,4.4,.760,2.2,8.2,10.4,2.4,0.4,0.5,3.0,14.4,8.12
Jayson Tatum,Duke,29,27,33.3,5.7,12.6,.452,4.3,8.6,.504,1.4,4.0,.342,4.1,4.8,.849,1.3,6.0,7.3,2.1,1.3,1.1,2.6,16.8,10.91
Sindarius Thornwell,South Carolina,132,132,31.8,4.5,11.5,.392,3.2,7.5,.420,1.4,4.0,.339,4.3,5.6,.771,1.6,3.6,5.2,3.0,1.5,0.6,2.5,14.7,7.80
Tyrone Wallace,California,129,114,31.6,4.6,11.0,.415,3.6,7.9,.464,0.9,3.1,.292,2.6,4.2,.613,1.0,4.2,5.2,3.4,1.1,0.4,2.2,12.6,7.30
Derrick Walton,Michigan,127,125,31.9,3.4,8.4,.404,1.6,3.8,.409,1.8,4.6,.401,2.9,3.5,.837,0.4,4.0,4.4,3.9,1.1,0.0,1.8,11.6,9.33
Jameel Warney,Stony Brook,135,131,30.7,6.5,11.0,.596,6.5,11.0,.596,0.0,0.0,,2.7,4.6,.592,3.5,5.9,9.4,1.6,0.8,2.0,1.4,15.8,-4.98
James Webb,Boise State,63,58,29.0,5.0,9.6,.518,3.8,6.1,.628,1.2,3.6,.330,2.3,3.4,.676,2.2,6.4,8.6,0.8,1.3,0.6,1.3,13.5,2.25
Derrick White,Colorado,34,32,32.8,6.0,11.9,.507,4.4,7.6,.569,1.7,4.2,.396,4.4,5.4,.813,1.0,3.1,4.1,4.4,1.2,1.4,2.4,18.1,6.00
Jacob Wiley,Eastern Washington,34,34,34.3,7.8,12.1,.643,7.6,11.9,.642,0.1,0.2,.714,4.7,5.6,.828,2.8,6.3,9.1,2.4,0.8,2.8,3.8,20.4,
C.J. Williams,Boise State,108,35,25.5,1.7,4.4,.388,1.1,2.5,.444,0.6,1.9,.312,1.2,2.0,.571,0.3,1.7,1.9,2.3,0.9,0.0,1.8,5.2,-0.16
Matt Williams,Colorado State,113,65,22.1,2.9,5.6,.529,2.9,5.5,.534,0.0,0.1,.000,2.8,3.9,.710,1.6,2.9,4.4,1.3,0.5,0.5,1.9,8.7,4.36
D.J. Wilson,Michigan,69,36,19.4,2.8,5.3,.525,2.1,3.3,.619,0.7,2.0,.363,0.8,1.0,.817,0.9,2.4,3.3,0.8,0.4,1.0,0.8,7.1,9.23
Jamil Wilson,Marquette,101,53,26.0,3.5,7.9,.439,2.7,5.7,.476,0.8,2.2,.344,1.7,2.5,.704,1.5,3.4,5.0,1.8,0.6,0.9,1.5,9.4,
Ron Baker,Wichita State,124,121,30.6,4.2,9.7,.433,2.3,4.4,.509,2.0,5.3,.369,2.8,3.5,.801,0.8,3.4,4.2,2.8,1.3,0.6,1.4,13.2,3.94
Wade Baldwin,Vanderbilt,68,54,29.6,3.4,8.0,.431,2.2,5.1,.436,1.2,2.9,.422,3.5,4.4,.800,0.4,3.6,4.1,4.8,1.3,0.2,2.3,11.6,7.45
Malik Beasley,Florida State,34,33,29.8,5.4,11.6,.471,3.8,7.4,.518,1.6,4.2,.387,3.1,3.8,.813,1.3,4.0,5.3,1.5,0.9,0.2,1.7,15.6,8.16
DeAndre' Bembry,St. Joseph's,101,100,36.1,5.7,12.6,.457,4.6,8.8,.520,1.2,3.8,.312,3.1,4.9,.628,1.4,5.3,6.7,3.6,1.4,0.8,2.5,15.7,4.20
Ben Bentil,Providence,69,56,27.9,4.7,10.2,.455,3.8,7.5,.503,0.9,2.7,.324,3.6,4.8,.761,2.5,3.8,6.3,0.9,0.6,0.7,1.6,13.8,8.98
Joel Bolomboy,Weber State,130,90,28.8,3.8,7.2,.528,3.5,6.4,.547,0.3,0.7,.371,3.6,5.0,.713,3.2,6.9,10.1,0.7,0.6,1.4,2.0,11.4,-4.62
Malcolm Brogdon,Virginia,136,109,30.6,4.4,10.3,.430,3.1,6.6,.466,1.4,3.7,.365,3.1,3.5,.876,0.6,3.5,4.1,2.5,0.9,0.2,1.5,13.3,7.76
Jaylen Brown,California,34,34,27.6,4.8,11.1,.431,3.9,8.1,.482,0.9,3.0,.294,4.2,6.4,.654,1.1,4.3,5.4,2.0,0.8,0.6,3.1,14.6,7.87
Marquese Chriss,Washington,34,34,24.9,5.3,9.9,.530,4.6,8.2,.568,0.6,1.8,.350,2.6,3.8,.682,2.5,2.9,5.4,0.8,0.9,1.6,2.0,13.7,8.12
Semaj Christon,Xavier,64,63,34.8,5.7,12.3,.462,5.3,11.1,.476,0.4,1.2,.338,4.4,6.6,.670,0.3,2.5,2.8,4.4,1.4,0.2,3.1,16.2,6.55
Quinn Cook,Duke,143,99,28.2,3.7,8.6,.432,2.1,4.2,.492,1.7,4.4,.375,1.9,2.2,.853,0.4,2.3,2.7,3.6,1.1,0.1,1.4,11.0,9.07
Deyonta Davis,Michigan State,35,16,18.6,3.4,5.7,.598,3.4,5.7,.598,0.0,0.0,,0.7,1.1,.605,2.1,3.4,5.5,0.7,0.3,1.8,0.9,7.5,6.94
Malcolm Delaney,Virginia Tech,136,125,34.5,4.7,11.7,.401,2.7,6.3,.432,1.9,5.3,.363,5.3,6.3,.845,0.8,2.7,3.5,4.0,1.3,0.2,2.8,16.6,6.21
Cheick Diallo,Kansas,27,1,7.5,1.2,2.1,.569,1.2,2.1,.569,0.0,0.0,,0.6,1.0,.556,0.6,1.9,2.5,0.0,0.3,0.9,0.6,3.0,11.22
Kris Dunn,Providence,95,83,31.5,4.5,9.9,.450,3.7,7.8,.476,0.8,2.2,.354,3.1,4.5,.693,1.1,4.0,5.1,5.8,2.2,0.4,3.3,12.8,8.09
Henry Ellenson,Marquette,33,33,33.5,5.9,13.2,.446,5.0,10.0,.495,0.9,3.2,.288,4.3,5.8,.749,2.2,7.6,9.7,1.8,0.8,1.5,2.4,17.0,5.57
Joel Embiid,Kansas,28,20,23.1,3.8,6.1,.626,3.8,5.9,.639,0.0,0.2,.200,3.5,5.1,.685,2.3,5.8,8.1,1.4,0.9,2.6,2.4,11.2,11.40
Dorian Finney-Smith,Florida,101,61,28.5,4.1,9.5,.428,2.5,5.1,.485,1.6,4.4,.361,2.4,3.5,.673,2.5,4.6,7.1,1.9,0.8,0.7,1.8,12.1,
Bryn Forbes,Michigan State,74,58,27.1,3.7,8.0,.467,1.3,2.6,.484,2.5,5.4,.458,1.4,1.7,.827,0.3,1.5,1.7,1.2,0.5,0.1,0.8,11.3,
Patricio Garino,George Washington,129,117,30.1,4.4,8.7,.508,3.6,6.5,.556,0.8,2.2,.364,2.4,3.6,.671,1.6,2.8,4.3,1.7,1.7,0.7,2.2,12.0,3.73
Michael Gbinije,Syracuse,101,61,29.2,3.9,8.7,.452,2.4,4.7,.507,1.5,4.0,.387,1.9,3.0,.631,1.0,2.6,3.6,3.0,1.5,0.3,1.8,11.3,
Marcus Georges-Hunt,Georgia Tech,130,129,30.9,4.4,10.1,.433,3.4,7.3,.474,0.9,2.9,.329,3.6,4.8,.749,1.5,2.9,4.5,2.2,0.9,0.2,1.7,13.3,7.08
Jonathan Gibson,New Mexico State,131,96,24.5,4.0,9.3,.436,2.1,4.3,.480,2.0,5.0,.398,1.7,2.2,.758,0.4,1.6,1.9,1.8,1.0,0.0,1.6,11.8,0.16
Treveon Graham,VCU,140,102,25.4,4.4,10.2,.432,3.0,6.2,.483,1.4,4.0,.354,3.2,4.6,.691,2.1,3.7,5.8,1.4,0.8,0.2,1.4,13.4,4.00
A.J. Hammons,Purdue,132,95,24.3,4.6,8.6,.539,4.6,8.4,.544,0.0,0.2,.261,2.7,4.0,.690,2.4,4.7,7.0,0.8,0.4,2.6,2.1,12.1,7.64
Andrew Harrison,Kentucky,79,78,28.6,2.8,7.6,.372,1.9,5.2,.374,0.9,2.4,.367,3.6,4.6,.777,0.6,2.1,2.7,3.8,0.8,0.2,2.2,10.1,9.28
Buddy Hield,Oklahoma,132,118,31.7,5.9,13.2,.448,3.3,6.5,.508,2.6,6.8,.390,2.8,3.4,.836,1.6,3.4,5.0,1.9,1.3,0.3,2.2,17.4,9.28
Danuel House,Texas A&M,62,57,31.6,5.0,12.4,.404,2.8,6.0,.469,2.2,6.4,.344,3.1,4.5,.686,1.0,3.4,4.3,2.1,0.6,0.4,1.8,15.3,
Brandon Ingram,Duke,36,34,34.6,5.9,13.4,.442,3.7,8.0,.464,2.2,5.4,.410,3.2,4.7,.682,1.9,4.9,6.8,2.0,1.1,1.4,2.0,17.3,10.59
Demetrius Jackson,Pacific,57,50,29.1,4.2,10.4,.402,2.5,5.6,.447,1.7,4.8,.348,3.3,4.0,.837,0.4,2.4,2.8,3.3,1.1,0.1,3.4,13.4,-1.12
Pierre Jackson,Baylor,74,55,32.8,5.3,11.9,.441,3.1,6.4,.496,2.1,5.6,.379,4.0,5.0,.808,0.8,2.5,3.3,6.5,1.6,0.0,3.5,16.7,7.58
Brice Johnson,UNC,148,80,21.0,5.0,8.6,.577,5.0,8.6,.577,0.0,0.0,,2.0,2.8,.715,2.1,4.9,7.0,0.9,0.8,1.1,1.3,11.9,9.72
Damian Jones,Vanderbilt,99,95,27.1,5.1,9.1,.566,5.1,9.0,.570,0.0,0.1,.125,3.0,5.3,.565,2.1,4.3,6.4,0.7,0.4,1.7,2.0,13.3,7.13
Derrick Jones,Samford,61,29,,3.7,8.4,.443,1.4,2.5,.565,2.3,5.8,.390,1.5,2.4,.634,0.8,3.8,4.1,2.1,0.6,0.3,2.8,11.2,
Skal Labissiere,Kentucky,36,18,15.8,2.7,5.3,.516,2.7,5.2,.521,0.0,0.1,.000,1.1,1.7,.661,1.0,2.2,3.1,0.3,0.3,1.6,0.9,6.6,8.84
Jake Layman,Maryland,141,115,27.9,3.4,7.7,.445,2.0,3.8,.530,1.4,3.9,.362,1.9,2.6,.759,1.1,3.7,4.8,1.1,0.9,0.8,1.4,10.2,7.17
Caris LeVert,Michigan,103,70,26.4,3.6,8.2,.434,2.3,4.9,.456,1.3,3.2,.401,2.0,2.6,.770,0.4,3.2,3.5,2.7,0.9,0.2,1.3,10.4,9.30
Shawn Long,Louisiana,135,131,29.8,6.5,12.8,.503,5.6,10.4,.541,0.8,2.4,.341,3.6,5.3,.676,3.4,7.3,10.7,1.1,0.7,2.0,2.4,17.3,-2.01
Patrick McCaw,UNLV,65,48,31.7,4.2,9.6,.439,2.3,4.3,.527,1.9,5.2,.367,1.9,2.5,.753,0.9,3.3,4.2,3.3,2.0,0.4,1.9,12.2,3.28
Rodney McGruder,Kansas State,135,100,27.4,4.2,9.3,.452,2.8,5.7,.498,1.4,3.7,.381,1.9,2.5,.759,1.9,3.0,4.8,1.4,0.9,0.3,1.3,11.7,8.19
Dejounte Murray,Washington,34,34,33.5,5.9,14.3,.416,4.9,10.8,.457,1.0,3.5,.288,3.2,4.9,.663,1.4,4.6,6.0,4.4,1.8,0.3,3.2,16.1,8.12
Jamal Murray,Kentucky,36,36,35.2,6.8,14.9,.454,3.6,7.3,.502,3.1,7.7,.408,3.3,4.2,.783,1.5,3.7,5.2,2.2,1.0,0.3,2.3,20.0,8.84
Maurice Ndour,Ohio,66,60,32.3,5.2,10.5,.498,4.6,8.8,.520,0.7,1.8,.388,3.6,4.8,.757,1.9,5.7,7.6,1.6,0.8,1.9,2.7,14.8,-0.36
Georges Niang,Iowa State,138,126,29.8,6.2,12.3,.500,4.8,8.7,.553,1.4,3.6,.375,2.5,3.2,.763,1.2,4.0,5.2,3.1,0.7,0.5,2.3,16.1,8.83
David Nwaba,Cal Poly,88,77,26.0,4.2,9.0,.473,4.2,8.7,.483,0.0,0.3,.167,3.4,5.2,.650,1.9,3.4,5.3,2.0,1.1,0.6,1.6,11.9,1.01
Daniel Ochefu,Villanova,141,110,21.7,2.9,4.8,.600,2.9,4.7,.604,0.0,0.0,.000,1.5,2.4,.622,2.1,4.5,6.6,1.3,0.8,1.3,1.6,7.2,8.32
Chinanu Onuaku,Louisville,66,55,21.0,2.8,4.5,.619,2.8,4.4,.621,0.0,0.0,.000,0.7,1.3,.547,2.4,4.0,6.4,1.1,0.8,1.6,1.7,6.2,8.36
Gary Payton,Oregon State,120,89,37.7,6.9,14.3,.485,5.4,10.2,.530,1.5,4.0,.369,2.8,4.1,.684,,,4.0,7.8,2.7,0.5,3.3,18.1,6.72
Marshall Plumlee,Duke,124,36,14.3,1.3,1.9,.665,1.2,1.9,.664,0.0,0.0,1.000,0.9,1.7,.555,1.6,2.2,3.8,0.5,0.4,0.8,0.5,3.4,9.62
Jakob Poeltl,Utah,70,70,26.9,5.1,7.7,.658,5.1,7.7,.659,0.0,0.0,.000,3.1,5.2,.605,2.8,5.2,8.0,1.3,0.5,1.7,1.8,13.3,8.10
Alex Poythress,Kentucky,112,62,22.1,3.2,5.8,.551,2.9,4.9,.595,0.3,0.9,.302,2.0,2.9,.686,1.8,3.5,5.3,0.5,0.4,0.7,1.3,8.6,8.30
Tim Quarterman,LSU,99,44,24.9,2.7,6.9,.397,1.7,3.7,.471,1.0,3.2,.310,1.9,2.9,.660,1.2,2.7,3.9,3.1,1.0,0.4,1.7,8.4,6.41
Chasson Randle,Stanford,144,142,33.3,5.3,12.3,.428,3.2,6.9,.462,2.1,5.5,.386,3.8,4.8,.806,0.5,2.8,3.3,2.5,1.2,0.1,2.3,16.5,6.92
Malachi Richardson,Syracuse,37,37,34.4,4.1,11.1,.369,2.0,5.1,.388,2.1,6.1,.353,3.1,4.2,.720,0.5,3.8,4.3,2.1,1.1,0.3,2.1,13.4,9.75
Domantas Sabonis,Gonzaga,74,32,26.6,5.2,8.2,.632,5.1,8.0,.638,0.1,0.2,.357,3.1,4.2,.729,2.6,6.8,9.4,1.3,0.5,0.6,2.0,13.5,4.67
Wayne Selden,Kansas,109,108,29.5,3.9,8.9,.436,2.4,4.8,.494,1.5,4.1,.366,1.8,2.8,.632,0.9,2.1,3.0,2.6,0.7,0.4,1.9,11.0,11.58
Pascal Siakam,New Mexico State,68,61,32.7,6.5,11.8,.551,6.4,11.5,.559,0.0,0.3,.176,3.5,5.0,.711,3.6,6.1,9.7,1.5,0.9,2.0,1.9,16.6,-3.60
Diamond Stone,Maryland,35,22,23.1,4.8,8.4,.568,4.8,8.4,.568,0.0,0.0,,2.9,3.8,.761,2.2,3.2,5.4,0.4,0.5,1.6,1.5,12.5,8.31
Isaiah Taylor,Texas,92,92,30.8,4.5,11.1,.404,4.1,9.8,.419,0.4,1.3,.294,4.3,5.4,.792,0.4,2.7,3.1,4.5,1.0,0.1,2.3,13.6,9.98
Mike Tobey,Virginia,138,48,16.3,2.9,5.4,.531,2.8,5.3,.537,0.0,0.1,.316,1.0,1.5,.704,1.6,2.4,4.0,0.4,0.2,0.7,0.8,6.8,7.76
Tyler Ulis,Kentucky,72,35,30.1,3.6,8.4,.427,2.4,5.1,.462,1.2,3.3,.371,2.9,3.4,.846,0.5,1.9,2.4,5.3,1.2,0.1,1.5,11.3,8.76
Jarrod Uthoff,Iowa,100,67,26.5,4.6,10.2,.450,3.2,6.6,.486,1.4,3.6,.383,2.5,3.1,.795,1.5,4.3,5.8,1.2,0.8,1.8,1.0,13.0,8.18
Denzel Valentine,Michigan State,144,116,29.0,4.0,9.1,.442,2.2,4.6,.476,1.8,4.5,.408,1.5,2.0,.779,1.1,4.8,5.9,4.4,0.9,0.3,2.2,11.4,9.21
Okaro White,Florida State,139,94,24.6,3.4,6.8,.494,2.9,5.3,.542,0.5,1.5,.327,2.9,3.6,.799,1.8,3.2,5.1,0.7,0.7,0.8,1.6,10.1,7.36
Isaiah Whitehead,Seton Hall,56,52,30.5,5.1,13.6,.375,3.0,7.8,.387,2.1,5.8,.359,3.5,4.6,.757,0.7,3.0,3.7,4.5,1.3,1.1,3.4,15.8,7.92
Troy Williams,Centenary (LA),37,,,0.6,0.9,.618,0.6,0.9,.618,0.0,0.0,,0.3,0.4,.733,,,1.9,0.1,0.2,0.3,,1.4,-2.12
Kyle Wiltjer,Gonzaga,74,73,30.5,6.8,13.2,.514,4.6,8.4,.550,2.1,4.8,.449,2.9,3.5,.828,1.5,4.7,6.3,1.7,0.4,0.7,1.6,18.6,
Cliff Alexander,Kansas,28,6,17.6,2.6,4.6,.566,2.6,4.6,.566,0.0,0.0,,1.9,2.8,.671,2.0,3.3,5.3,0.4,0.2,1.3,1.0,7.1,12.13
Justin Anderson,Virginia,98,44,24.1,2.9,6.8,.430,1.9,4.1,.481,1.0,2.8,.357,2.0,2.7,.752,0.8,2.7,3.5,1.8,0.6,0.9,1.3,8.9,6.64
Keith Appling,Michigan State,142,124,29.8,3.5,8.0,.431,2.5,5.1,.486,1.0,2.9,.334,2.7,3.7,.748,0.4,2.6,3.0,3.3,1.1,0.5,2.1,10.6,10.35
Devin Booker,Clemson,128,94,24.1,3.5,7.0,.496,3.3,6.4,.518,0.2,0.6,.275,1.9,2.9,.658,2.1,3.6,5.7,0.8,0.6,0.6,1.6,9.0,5.58
Anthony Brown,Oklahoma State,47,4,13.1,1.1,2.4,.482,1.1,2.2,.505,0.0,0.1,.143,0.7,1.2,.569,1.0,1.3,2.3,0.3,0.3,0.4,0.4,3.0,7.55
Willie Cauley-Stein,Kentucky,105,70,24.5,3.3,5.6,.593,3.3,5.6,.593,0.0,0.0,,1.4,2.8,.508,2.4,3.9,6.2,0.9,1.1,2.2,1.2,8.0,8.12
Rakeem Christmas,Syracuse,142,140,22.0,2.9,5.1,.560,2.9,5.1,.560,0.0,0.0,.000,1.6,2.4,.681,2.0,3.3,5.3,0.6,0.5,1.7,1.1,7.4,7.88
Coty Clarke,Arkansas,65,43,21.3,2.8,5.9,.469,2.3,4.8,.476,0.5,1.2,.442,2.5,3.2,.777,1.8,3.6,5.4,1.8,1.5,0.6,1.3,8.6,5.27
Pat Connaughton,Notre Dame,139,123,32.3,3.7,8.2,.450,1.8,3.2,.549,1.9,5.0,.386,1.2,1.5,.777,1.0,4.9,5.9,1.8,0.7,0.5,1.0,10.5,6.88
Branden Dawson,Michigan State,130,122,26.6,4.4,7.8,.559,4.4,7.7,.564,0.0,0.1,.000,1.4,2.4,.558,2.5,4.4,6.9,1.4,1.3,1.1,1.7,10.1,9.93
Sam Dekker,Wisconsin,113,81,27.9,4.4,9.0,.493,3.2,5.3,.591,1.3,3.6,.348,2.0,2.8,.695,1.6,3.4,5.0,1.3,0.6,0.5,1.0,12.1,10.07
Duje Dukan,Wisconsin,97,0,10.0,1.1,2.6,.427,0.6,1.2,.544,0.5,1.4,.328,0.4,0.7,.656,0.5,1.2,1.7,0.4,0.1,0.0,0.4,3.1,9.53
Jarell Eddie,Virginia Tech,123,90,25.8,3.1,8.1,.385,1.6,3.8,.407,1.6,4.3,.365,1.8,2.2,.812,0.8,3.8,4.6,1.1,0.3,0.5,1.5,9.6,6.19
Jerian Grant,Notre Dame,119,117,36.4,4.7,10.7,.436,3.2,6.4,.498,1.5,4.4,.345,3.8,4.8,.790,0.4,2.5,2.9,5.8,1.5,0.3,2.2,14.6,6.88
Montrezl Harrell,Louisville,112,75,26.4,4.8,8.1,.586,4.7,7.8,.600,0.1,0.4,.275,1.9,3.6,.533,2.6,4.3,6.9,0.9,0.8,1.1,1.3,11.6,7.64
Aaron Harrison,Kentucky,79,78,29.2,4.1,9.9,.410,2.5,5.3,.474,1.5,4.6,.335,2.8,3.5,.787,0.5,2.3,2.8,1.6,1.1,0.2,1.3,12.4,9.28
Darrun Hilliard,Villanova,132,112,26.8,3.7,8.5,.436,2.1,4.2,.507,1.6,4.3,.367,2.4,3.2,.748,0.5,2.5,3.0,1.9,1.3,0.4,1.6,11.4,7.80
Rondae Hollis-Jefferson,Arizona,76,31,27.0,3.4,6.9,.496,3.3,6.4,.520,0.1,0.5,.205,3.3,4.7,.697,2.1,4.1,6.3,1.5,0.9,0.9,1.4,10.2,8.23
Richaun Holmes,Bowling Green State,95,63,26.5,4.2,7.7,.554,3.9,6.8,.580,0.3,0.9,.353,2.7,3.8,.697,2.6,4.2,6.9,0.7,0.8,2.6,1.5,11.5,-1.07
Josh Huestis,Stanford,135,75,25.0,2.9,6.4,.451,2.4,4.9,.492,0.5,1.5,.319,1.3,2.1,.610,2.2,4.0,6.2,0.8,0.5,1.4,0.9,7.5,6.38
R.J. Hunter,Georgia State,99,98,34.7,5.6,13.3,.423,3.1,6.1,.505,2.6,7.2,.354,4.5,5.3,.853,0.7,4.1,4.8,2.4,1.9,0.9,1.7,18.4,-2.33
Stanley Johnson,Arizona,38,37,28.4,4.6,10.3,.446,3.4,7.2,.478,1.1,3.1,.371,3.5,4.7,.742,2.0,4.5,6.5,1.7,1.5,0.4,2.2,13.8,7.41
Tyus Jones,Duke,39,39,33.9,3.5,8.3,.417,2.3,5.1,.440,1.2,3.2,.379,3.7,4.2,.889,0.5,3.0,3.5,5.6,1.5,0.1,1.9,11.8,9.87
Frank Kaminsky,Wisconsin,144,79,20.4,3.7,7.0,.522,3.0,5.1,.580,0.7,1.9,.369,2.1,2.7,.763,1.3,3.4,4.6,1.3,0.5,1.1,0.8,10.1,9.61
Sasha Kaun,Kansas,135,65,16.5,2.5,4.3,.568,2.5,4.3,.568,0.0,0.0,,1.2,2.4,.512,1.5,2.3,3.9,0.3,0.4,1.1,0.8,6.1,8.38
Kevon Looney,UCLA,36,36,30.9,4.2,8.9,.470,3.6,7.4,.481,0.6,1.5,.415,2.6,4.1,.626,3.4,5.8,9.2,1.4,1.3,0.9,1.3,11.6,8.27
Trey Lyles,Kentucky,36,21,23.0,3.3,6.7,.488,3.1,5.9,.536,0.1,0.8,.138,2.1,2.8,.735,1.8,3.4,5.2,1.1,0.5,0.4,1.1,8.7,8.67
Jarell Martin,LSU,65,57,30.7,5.0,10.1,.494,4.3,8.0,.541,0.6,2.0,.308,3.1,4.5,.689,2.4,4.6,6.9,1.4,1.0,0.7,2.2,13.7,6.12
T.J. McConnell,Arizona,76,76,31.4,3.7,7.8,.477,2.9,5.5,.535,0.8,2.3,.343,1.2,1.6,.742,0.6,3.1,3.7,5.8,1.9,0.1,1.9,9.4,
Chris McCullough,Syracuse,16,16,28.1,3.4,7.1,.478,3.3,7.0,.473,0.1,0.1,1.000,2.5,4.4,.563,2.3,4.6,6.9,1.1,1.7,2.1,2.2,9.3,7.68
Jordan McRae,Tennessee,114,74,27.1,4.4,10.4,.417,2.8,5.9,.475,1.6,4.6,.343,3.1,4.0,.769,0.7,2.6,3.3,1.8,0.6,0.9,2.0,13.3,7.30
Jordan Mickey,LSU,65,65,33.8,5.6,10.8,.518,5.6,10.6,.527,0.0,0.2,.071,2.9,4.3,.669,2.7,6.1,8.8,1.2,0.8,3.4,2.8,14.0,6.12
Xavier Munford,Rhode Island,61,61,35.5,5.8,14.5,.398,3.6,8.1,.448,2.1,6.4,.335,3.5,4.9,.710,0.5,3.0,3.4,2.2,1.1,0.4,2.7,17.1,4.11
Larry Nance,,Clemson,,117,92,25.3,4.7,8.9,.533,,,,,,,2.0,3.2,.628,6.7,1.5,0.9,0.9,1.9,11.5,5.19
J.J. O'Brien,San Diego State,105,104,29.3,3.4,7.2,.481,3.3,6.6,.497,0.2,0.6,.288,1.4,2.4,.605,2.2,2.6,4.8,1.7,1.0,0.3,1.4,8.5,
Jahlil Okafor,Duke,38,38,30.1,7.3,11.1,.664,7.3,11.1,.664,0.0,0.0,,2.6,5.1,.510,3.5,4.9,8.5,1.3,0.8,1.4,2.5,17.3,9.87
Kelly Oubre,Kansas,36,27,21.0,3.1,6.9,.444,2.1,4.3,.497,0.9,2.6,.358,2.2,3.1,.718,1.1,3.8,5.0,0.8,1.1,0.4,1.2,9.3,12.13
Lamar Patterson,Pitt,149,106,24.3,3.2,7.4,.435,2.1,4.3,.483,1.1,3.1,.369,1.9,2.6,.723,1.2,2.8,3.9,2.9,1.0,0.3,1.6,9.5,6.86
Cameron Payne,Murray State,69,69,32.4,6.3,14.6,.432,4.0,8.3,.487,2.3,6.3,.359,3.7,4.7,.781,0.4,3.2,3.7,5.7,1.8,0.5,2.9,18.5,-3.19
Bobby Portis,Arkansas,70,70,28.5,5.9,11.2,.526,5.5,10.3,.540,0.3,0.9,.365,2.9,3.9,.737,3.1,4.7,7.9,1.3,1.1,1.5,1.4,15.0,6.18
Norman Powell,UCLA,141,83,25.2,3.6,7.7,.461,2.8,5.2,.533,0.8,2.5,.314,1.8,2.5,.746,0.4,2.6,3.0,1.5,1.1,0.4,1.3,9.8,7.25
Willie Reed,Saint Louis,67,54,24.7,4.1,7.1,.574,4.1,7.1,.574,0.0,0.0,,2.0,4.1,.500,2.1,4.2,6.3,0.5,0.5,1.7,1.4,10.2,1.77
Josh Richardson,North Texas,28,6,,2.0,4.6,.445,2.0,4.5,.456,0.0,0.1,.000,2.0,3.6,.560,1.2,1.6,2.8,0.5,0.5,0.1,1.0,6.1,1.81
Terry Rozier,Louisville,73,45,26.8,4.2,10.3,.408,3.1,6.8,.447,1.2,3.5,.331,2.4,3.1,.772,1.0,3.3,4.3,2.4,1.5,0.1,1.4,12.0,6.89
D'Angelo Russell,Ohio State,35,34,33.9,6.6,14.7,.449,3.9,8.1,.479,2.7,6.6,.411,3.4,4.5,.756,1.0,4.7,5.7,5.0,1.6,0.3,2.9,19.3,7.37
Jonathon Simmons,Houston,30,29,30.1,5.1,10.0,.512,4.1,7.3,.560,1.1,2.8,.386,3.4,4.7,.716,1.4,3.6,5.0,2.2,0.7,0.4,3.3,14.7,0.21
Alex Stepheson,USC,62,60,29.7,3.8,7.3,.518,3.8,7.3,.518,0.0,0.0,,1.7,3.3,.505,3.3,5.0,8.3,0.2,0.3,1.3,1.6,9.2,
Karl-Anthony Towns,Kentucky,39,39,21.1,3.7,6.6,.566,3.7,6.4,.577,0.1,0.2,.250,2.8,3.4,.813,2.4,4.3,6.7,1.1,0.5,2.3,1.4,10.3,8.67
Myles Turner,Texas,34,7,22.2,3.4,7.6,.455,2.9,5.7,.513,0.5,1.8,.274,2.8,3.3,.839,1.3,5.2,6.5,0.6,0.3,2.6,1.4,10.1,9.07
Rashad Vaughn,UNLV,23,23,32.3,6.3,14.3,.439,3.9,8.1,.481,2.3,6.1,.383,3.0,4.3,.694,0.6,4.2,4.8,1.6,0.8,0.3,2.2,17.8,3.38
Briante Weber,VCU,127,65,23.3,2.3,5.5,.426,2.0,4.3,.466,0.3,1.1,.274,1.8,2.4,.769,0.8,2.5,3.3,3.0,2.9,0.2,1.5,6.8,4.00
Alan Williams,Wake Forest,29,0,2.0,0.3,0.7,.429,0.2,0.4,.500,0.1,0.3,.333,0.2,0.3,.750,0.0,0.3,0.4,0.1,0.1,0.0,0.0,0.9,9.69
Justise Winslow,Duke,39,39,29.1,4.4,9.1,.486,3.3,6.3,.516,1.2,2.8,.418,2.6,4.0,.641,1.3,5.2,6.5,2.1,1.3,0.9,1.8,12.6,9.87
Christian Wood,UNLV,63,34,23.3,3.7,7.8,.477,3.2,5.6,.561,0.6,2.2,.261,2.3,3.1,.747,1.9,4.9,6.8,0.8,0.3,1.9,1.5,10.4,3.07
Delon Wright,Utah,68,68,34.8,5.0,9.3,.535,4.4,7.5,.594,0.6,1.9,.299,4.5,5.5,.814,1.1,4.7,5.8,5.2,2.3,1.1,2.2,15.0,6.82
Joe Young,Canisius,29,10,13.5,1.4,3.7,.377,0.8,2.0,.407,0.6,1.6,.340,0.5,0.7,.737,0.6,1.2,1.8,0.6,0.6,0.1,0.7,3.8,-1.80
Jordan Adams,UCLA,69,63,30.2,5.4,11.6,.467,4.0,7.3,.548,1.4,4.3,.331,4.2,5.0,.839,1.3,3.3,4.6,2.1,2.4,0.2,1.4,16.4,7.72
Cameron Bairstow,New Mexico,134,55,20.8,3.1,6.0,.517,3.1,6.0,.519,0.0,0.0,.333,3.0,4.2,.717,1.7,3.0,4.8,0.8,0.5,0.7,1.2,9.2,4.93
Jerrelle Benimon,Towson,67,67,36.2,6.2,11.6,.531,5.7,10.2,.553,0.5,1.4,.366,5.1,7.4,.689,2.8,8.4,11.2,3.1,0.7,1.6,3.6,18.0,
Sim Bhullar,New Mexico State,65,50,25.3,4.1,6.4,.633,4.1,6.4,.633,0.0,0.0,,2.1,4.2,.496,2.6,4.6,7.2,1.0,0.1,2.9,1.6,10.2,-0.94
Tarik Black,Kansas,33,15,13.5,2.2,3.2,.692,2.2,3.2,.698,0.0,0.0,.000,1.0,1.7,.600,1.2,2.6,3.9,0.3,0.3,0.5,0.7,5.5,
Jabari Brown,Missouri,60,59,35.2,5.1,11.4,.444,2.8,5.6,.499,2.3,5.8,.391,4.9,6.2,.794,0.5,3.5,4.0,1.7,0.7,0.1,2.1,17.3,
Markel Brown,Oklahoma State,134,103,30.5,4.1,9.4,.439,3.0,6.2,.486,1.1,3.1,.347,3.0,4.1,.733,0.8,3.5,4.3,2.3,1.0,0.8,1.8,12.4,7.74
Will Cherry,Montana,116,104,30.7,4.2,9.8,.430,3.3,6.8,.495,0.9,3.1,.285,3.5,4.9,.718,0.6,3.0,3.6,3.4,2.3,0.3,2.4,12.8,-3.10
Patrick Christopher,California,134,114,30.8,4.8,10.6,.450,3.5,7.0,.505,1.2,3.6,.342,1.9,2.4,.816,1.2,2.7,3.8,1.8,0.8,0.1,1.5,12.7,8.15
Jordan Clarkson,Missouri,35,35,35.1,6.0,13.3,.448,5.1,10.1,.501,0.9,3.3,.281,4.6,5.6,.831,0.8,3.0,3.8,3.4,1.1,0.2,2.7,17.5,
Jack Cooley,Notre Dame,123,66,19.8,3.2,5.3,.601,3.2,5.3,.601,0.0,0.0,.500,1.9,2.8,.663,2.8,3.6,6.4,0.5,0.4,0.9,0.9,8.3,7.09
Bryce Cotton,Providence,130,99,33.2,4.7,11.2,.421,2.7,5.5,.482,2.0,5.7,.361,3.7,4.5,.838,0.5,2.3,2.8,3.0,0.9,0.1,1.5,15.2,6.35
Andre Dawkins,Duke,142,25,17.4,2.3,5.4,.433,0.7,1.4,.508,1.6,4.0,.407,0.9,1.1,.769,0.2,1.4,1.6,0.5,0.4,0.1,0.6,7.1,8.60
Spencer Dinwiddie,Colorado,86,86,30.1,3.4,8.0,.420,2.0,4.6,.446,1.3,3.5,.386,4.9,5.9,.830,0.5,2.9,3.3,2.6,1.1,0.3,1.8,13.0,7.49
Larry Drew,5.0,0.2,3.5,1.9,12.9,,3.54,Missouri,,117,89,35.5,4.8,9.9,.479,2.5,3.3,.745,2.8,3.7,1.1,0.1,3.7,12.0,4.65
Cleanthony Early,Wichita State,75,58,26.2,4.9,10.5,.470,3.4,6.2,.555,1.5,4.3,.348,3.7,4.6,.819,1.8,3.8,5.7,0.7,0.8,0.8,1.7,15.1,3.91
James Ennis,Long Beach State,67,66,31.0,4.5,9.0,.493,3.0,4.9,.611,1.5,4.1,.354,2.8,3.6,.788,1.6,3.8,5.4,2.4,1.7,1.0,2.5,13.2,1.39
Tyler Ennis,Syracuse,34,34,35.7,4.4,10.6,.411,3.5,8.1,.429,0.9,2.5,.353,3.4,4.4,.765,0.8,2.6,3.4,5.5,2.1,0.2,1.7,12.9,7.25
Tim Frazier,Penn State,135,113,30.6,3.8,9.0,.418,3.2,7.2,.445,0.5,1.8,.310,3.4,4.3,.774,0.9,3.0,3.9,4.7,1.5,0.1,2.6,11.4,8.41
Langston Galloway,St. Joseph's,133,132,35.5,4.9,11.3,.438,2.4,5.2,.452,2.6,6.1,.426,2.5,3.1,.821,1.0,3.5,4.5,2.2,1.3,0.5,1.2,15.0,4.21
Aaron Gordon,Arizona,38,38,31.2,5.0,10.1,.495,4.6,8.9,.513,0.4,1.2,.356,2.0,4.7,.422,2.7,5.3,8.0,2.0,0.9,1.0,1.4,12.4,9.04
Drew Gordon,New Mexico,61,53,29.6,5.3,10.0,.535,5.3,10.0,.534,0.0,0.0,1.000,2.7,3.7,.722,3.2,7.6,10.8,1.0,0.9,1.1,2.3,13.4,
Jerami Grant,Syracuse,72,29,21.9,2.6,5.3,.486,2.5,5.1,.496,0.1,0.3,.300,2.2,3.5,.641,1.7,2.9,4.7,0.9,0.6,0.5,0.9,7.5,7.91
Erick Green,Virginia Tech,129,89,28.3,4.6,10.5,.437,3.5,7.3,.480,1.1,3.2,.338,3.2,4.0,.804,0.5,2.1,2.6,2.5,1.2,0.2,1.4,13.5,5.97
JaMychal Green,Alabama,123,114,27.2,5.0,9.6,.519,5.0,9.5,.524,0.0,0.1,.176,3.5,4.9,.711,3.0,4.4,7.4,1.2,1.0,1.7,2.5,13.5,5.52
P.J. Hairston,UNC,71,14,18.1,3.1,8.0,.388,1.3,2.9,.458,1.8,5.1,.349,2.0,2.5,.800,1.3,1.9,3.2,1.0,0.8,0.3,0.9,10.0,7.54
Gary Harris,Michigan State,69,67,31.0,5.0,11.4,.440,2.9,5.7,.503,2.1,5.6,.376,2.7,3.5,.788,1.0,2.3,3.3,2.0,1.6,0.3,1.6,14.9,9.96
Joe Harris,Central Arkansas,15,1,10.1,1.3,2.8,.452,0.7,1.2,.556,0.6,1.6,.375,0.0,0.3,.000,0.6,1.0,1.6,0.3,0.2,0.0,0.4,3.1,-4.83
Rodney Hood,Duke,35,33,32.9,5.5,11.8,.464,3.4,6.9,.494,2.0,4.8,.420,3.1,3.9,.807,0.8,3.1,3.9,2.1,0.7,0.3,1.5,16.1,
Cory Jefferson,Baylor,130,76,19.9,3.3,6.1,.543,3.2,5.7,.556,0.1,0.4,.340,2.2,3.3,.660,1.9,3.7,5.6,0.4,0.3,1.3,0.8,8.9,8.32
Grant Jerrett,Arizona,34,2,17.8,1.9,4.5,.409,0.9,2.2,.413,0.9,2.3,.405,0.5,0.6,.818,1.1,2.5,3.6,0.5,0.5,1.0,0.6,5.2,7.47
Nick Johnson,Arizona,108,101,30.9,4.1,9.7,.421,2.8,6.0,.459,1.3,3.7,.359,2.8,3.9,.734,0.6,3.1,3.7,2.8,1.3,0.6,1.8,12.3,7.04
Tyler Johnson,Centenary (LA),5,,,0.2,0.6,.333,0.0,0.4,.000,0.2,0.2,1.000,0.0,0.0,,,,0.6,0.2,0.2,0.0,0.0,0.6,-1.56
Sean Kilpatrick,Cincinnati,140,104,30.8,5.1,12.1,.419,2.8,5.6,.501,2.2,6.4,.347,3.0,3.8,.780,1.3,3.1,4.3,2.0,1.2,0.2,1.7,15.3,6.15
Alex Kirk,Washington State,4,0,1.0,0.0,0.0,,0.0,0.0,,0.0,0.0,,0.0,0.0,,0.0,0.0,0.0,0.3,0.0,0.0,0.0,0.0,7.39
Zach LaVine,UCLA,37,1,24.4,3.4,7.8,.441,2.1,4.3,.494,1.3,3.5,.375,1.3,1.8,.691,0.5,2.1,2.5,1.8,0.9,0.2,1.1,9.4,7.62
Kalin Lucas,Michigan State,141,119,30.3,4.8,11.2,.425,3.7,8.4,.442,1.1,2.8,.377,3.6,4.5,.796,0.6,1.4,1.9,4.0,1.0,0.1,2.3,14.2,9.22
James Michael McAdoo,UNC,108,73,25.0,4.3,9.7,.447,4.3,9.6,.451,0.0,0.1,.000,2.8,4.9,.569,2.1,3.8,5.9,1.0,1.2,0.5,1.6,11.4,7.83
K.J. McDaniels,Clemson,94,61,24.3,3.9,8.6,.450,3.0,5.8,.516,0.9,2.8,.313,2.4,3.2,.767,1.8,3.0,4.8,0.9,0.9,1.9,1.5,11.0,4.60
Doug McDermott,Creighton,145,145,31.5,7.9,14.3,.550,6.0,10.2,.587,1.9,4.1,.458,4.1,4.9,.831,1.9,5.6,7.5,1.3,0.2,0.1,2.2,21.7,4.29
Mitch McGary,Michigan,47,12,20.6,3.5,5.9,.588,3.5,5.9,.592,0.0,0.0,.000,0.8,1.6,.513,2.6,4.0,6.6,0.8,1.2,0.7,1.3,7.8,9.85
Jerel McNeal,Marquette,130,130,30.9,5.6,12.7,.440,4.3,9.0,.478,1.3,3.6,.347,2.8,4.0,.717,1.3,3.3,4.7,3.5,2.2,0.5,3.4,15.3,7.77
Elijah Millsap,Alabama-Birmingham,34,34,33.1,5.4,12.3,.435,4.8,10.0,.481,0.6,2.3,.241,4.8,6.9,.695,2.7,6.8,9.5,1.8,1.6,0.3,3.5,16.1,
Eric Moreland,Oregon State,89,58,25.0,2.7,5.0,.535,2.6,4.7,.546,0.1,0.3,.333,1.8,3.3,.531,2.4,6.2,8.6,1.3,0.8,2.1,1.8,7.2,4.64
Shabazz Napier,UConn,143,98,32.3,4.2,10.1,.411,2.3,5.3,.444,1.8,4.8,.375,3.6,4.4,.813,0.7,3.3,4.0,4.5,1.8,0.2,2.4,13.7,8.64
Nerlens Noel,Kentucky,24,24,31.9,4.1,6.9,.590,4.1,6.9,.590,0.0,0.0,,2.3,4.3,.529,2.7,6.8,9.5,1.6,2.1,4.4,1.9,10.5,5.78
Johnny O'Bryant,LSU,91,78,27.1,4.9,10.5,.467,4.8,10.2,.474,0.1,0.3,.222,2.8,4.6,.619,3.0,4.7,7.7,1.3,0.5,0.8,2.9,12.7,5.38
Jabari Parker,Duke,35,35,30.7,6.7,14.3,.473,5.7,11.2,.504,1.1,3.0,.358,4.6,6.1,.748,3.0,5.7,8.7,1.2,1.1,1.2,2.3,19.1,8.48
Adreian Payne,Michigan State,138,94,20.0,3.2,6.2,.526,2.8,5.1,.551,0.4,1.1,.409,2.0,2.7,.755,1.5,3.8,5.3,0.6,0.6,1.0,1.4,8.9,10.35
Elfrid Payton,Louisiana,100,78,31.6,5.0,10.3,.485,4.7,9.2,.512,0.3,1.1,.268,3.9,6.5,.611,1.5,3.6,5.1,4.9,2.0,0.5,3.4,14.3,-1.60
Dwight Powell,Stanford,136,105,26.2,3.8,8.2,.464,3.5,7.3,.484,0.2,0.8,.289,3.0,4.1,.722,1.7,4.6,6.3,1.8,0.9,0.9,2.1,10.8,6.38
Julius Randle,Kentucky,40,40,30.8,4.9,9.8,.501,4.8,9.3,.517,0.1,0.5,.167,5.1,7.2,.706,3.5,6.9,10.4,1.4,0.5,0.8,2.5,15.0,9.89
Glenn Robinson,Purdue,62,62,35.1,9.9,20.7,.479,8.1,16.0,.507,1.8,4.6,.385,5.9,7.7,.773,,,9.7,1.9,1.8,1.0,3.9,27.5,9.77
JaKarr Sampson,St. John's (NY),66,64,30.3,5.8,12.4,.469,5.8,12.2,.476,0.0,0.2,.077,2.2,3.7,.607,2.1,4.2,6.4,1.1,0.9,1.0,1.8,13.9,6.86
Marcus Smart,Oklahoma State,64,63,33.1,4.9,11.9,.413,3.5,7.3,.488,1.4,4.6,.295,5.5,7.3,.751,1.5,4.4,5.9,4.5,2.9,0.6,3.0,16.6,7.53
Russ Smith,Louisville,133,80,24.3,4.7,11.3,.413,3.3,7.4,.449,1.4,3.9,.345,3.7,4.8,.760,0.7,2.0,2.7,2.8,1.9,0.1,2.4,14.3,7.79
Nik Stauskas,Michigan,75,69,32.9,4.3,9.2,.467,2.0,4.0,.500,2.3,5.2,.441,3.2,3.9,.832,0.5,2.5,2.9,2.3,0.6,0.3,1.5,14.1,9.85
David Stockton,Gonzaga,138,39,19.9,1.6,3.8,.424,1.1,2.2,.515,0.5,1.7,.306,1.1,1.5,.700,0.1,1.5,1.6,3.1,1.2,0.1,1.5,4.8,4.20
Jarnell Stokes,Tennessee,87,84,29.7,4.7,8.9,.530,4.7,8.9,.532,0.0,0.0,.000,3.5,5.6,.628,3.9,5.7,9.6,1.5,0.7,1.1,2.1,13.0,6.82
Noah Vonleh,Indiana,30,29,26.5,3.8,7.2,.523,3.2,6.1,.530,0.5,1.1,.485,3.2,4.5,.716,2.4,6.6,9.0,0.6,0.9,1.4,2.1,11.3,6.64
T.J. Warren,NC State,70,49,31.2,7.5,13.6,.555,6.9,11.5,.598,0.6,2.0,.315,2.8,4.3,.654,2.7,3.0,5.7,1.0,1.5,0.5,1.7,18.5,7.31
David Wear,UCLA,103,76,24.8,3.1,6.6,.477,2.6,5.3,.492,0.5,1.2,.413,1.1,1.4,.755,1.7,3.3,5.0,0.8,0.6,0.2,1.0,7.9,
Travis Wear,UCLA,96,83,26.3,4.0,7.7,.517,3.8,7.2,.524,0.2,0.5,.400,1.7,2.1,.807,1.8,2.9,4.7,0.8,0.7,1.0,0.9,9.8,
Shayne Whittington,Western Michigan,114,74,22.6,3.6,7.1,.515,3.6,6.7,.538,0.1,0.4,.167,2.4,3.2,.760,2.0,4.5,6.5,0.7,0.5,1.1,1.3,9.8,-0.97
Andrew Wiggins,Kansas,35,35,32.8,5.4,12.1,.448,4.2,8.5,.493,1.2,3.6,.341,5.0,6.5,.775,2.2,3.7,5.9,1.5,1.2,1.0,2.3,17.1,11.40
C.J. Wilcox,Washington,131,83,28.5,4.9,11.3,.433,2.6,5.4,.481,2.3,5.9,.389,2.3,2.7,.840,0.8,2.5,3.4,1.6,0.9,0.7,1.4,14.4,6.67
James Young,Kentucky,40,39,32.4,4.6,11.3,.407,2.5,5.4,.470,2.1,5.9,.349,3.1,4.4,.706,1.0,3.3,4.3,1.7,0.8,0.2,1.9,14.3,9.89
Steven Adams,Pitt,32,32,23.4,3.1,5.5,.571,3.1,5.5,.571,0.0,0.0,,1.0,2.2,.443,2.8,3.5,6.3,0.6,0.7,2.0,1.1,7.2,5.63
Chris Babb,Iowa State,67,67,32.9,2.8,7.2,.385,0.8,1.7,.487,1.9,5.4,.353,1.0,1.4,.714,0.8,3.0,3.8,1.9,1.1,0.2,0.8,8.4,
Anthony Bennett,UNLV,35,31,27.1,5.8,10.8,.533,4.7,8.1,.587,1.0,2.7,.375,3.5,5.1,.701,2.5,5.7,8.1,1.0,0.7,1.2,1.9,16.1,5.71
Vander Blue,Marquette,106,80,25.7,3.3,7.7,.429,2.8,6.0,.475,0.5,1.8,.277,2.1,3.0,.704,1.0,2.5,3.5,2.0,1.0,0.1,2.0,9.3,8.20
Lorenzo Brown,NC State,101,95,32.6,4.1,9.5,.429,3.4,7.4,.464,0.6,2.1,.305,2.8,3.8,.741,0.7,3.5,4.2,5.8,1.7,0.5,3.0,11.6,6.92
Reggie Bullock,Morgan State,46,,,1.1,2.7,.426,1.1,2.4,.455,0.0,0.2,.100,0.5,1.0,.522,,,2.0,0.4,0.6,0.1,,2.8,-9.30
Trey Burke,Michigan,73,71,35.7,6.0,13.3,.450,4.2,8.3,.499,1.8,5.0,.367,3.1,4.0,.777,0.6,2.7,3.3,5.7,1.3,0.5,2.5,16.9,9.51
Dwight Buycks,Marquette,68,40,26.0,2.9,6.4,.443,2.1,4.2,.486,0.8,2.2,.360,1.2,1.7,.687,0.8,2.3,3.0,2.8,1.1,0.0,2.0,7.7,8.37
Nick Calathes,Florida,72,71,33.0,5.3,11.6,.455,3.5,6.8,.507,1.8,4.8,.380,3.9,5.4,.715,1.0,4.3,5.3,6.3,1.8,0.1,3.1,16.3,4.43
Kentavious Caldwell-Pope,Georgia,64,60,33.0,5.3,12.7,.415,3.0,5.9,.504,2.3,6.9,.339,2.9,3.9,.752,1.3,4.8,6.1,1.5,1.9,0.4,1.6,15.8,7.02
Isaiah Canaan,Murray State,132,83,29.4,4.8,10.7,.450,2.5,5.2,.483,2.3,5.5,.419,3.6,4.5,.803,0.6,2.2,2.8,2.9,1.2,0.1,2.4,15.5,-3.56
Michael Carter-Williams,Syracuse,66,40,25.4,2.7,6.8,.398,2.1,4.8,.438,0.6,2.1,.307,2.2,3.2,.679,0.9,2.7,3.6,5.2,2.0,0.4,2.3,8.2,8.29
Dionte Christmas,Temple,130,98,29.6,5.0,11.8,.426,2.6,5.0,.516,2.5,6.8,.360,3.2,4.2,.778,1.0,3.4,4.4,2.0,1.2,0.2,2.2,15.7,3.89
Ian Clark,Belmont,133,131,28.7,5.1,10.6,.484,2.6,4.6,.563,2.6,6.0,.425,1.6,2.0,.810,0.5,2.4,2.9,2.2,1.2,0.2,2.1,14.4,-2.50
Robert Covington,Tennessee State,118,111,30.0,5.3,11.1,.476,3.7,7.4,.502,1.5,3.7,.422,2.7,3.4,.802,2.6,4.8,7.4,1.2,1.5,1.3,2.3,14.8,-2.86
Allen Crabbe,California,98,97,34.7,5.4,12.2,.446,3.3,6.6,.500,2.1,5.6,.382,2.7,3.3,.819,0.9,4.8,5.7,2.2,0.9,0.6,1.9,15.7,7.16
Seth Curry,Duke,106,86,29.1,4.1,9.4,.439,2.0,4.4,.462,2.1,5.0,.420,2.8,3.3,.825,0.6,1.7,2.3,2.0,1.2,0.2,1.4,13.2,
Troy Daniels,VCU,125,57,16.9,2.4,6.1,.389,0.4,0.9,.404,2.0,5.2,.386,0.5,0.7,.782,0.5,1.6,2.1,0.4,0.6,0.1,0.6,7.3,2.38
Brandon Davies,BYU,135,98,24.1,4.5,8.6,.522,4.5,8.5,.525,0.0,0.1,.333,3.4,5.1,.660,1.8,4.4,6.2,1.6,1.0,0.9,2.1,12.4,3.51
Dewayne Dedmon,USC,51,49,22.7,3.0,5.8,.520,3.0,5.7,.528,0.0,0.1,.000,1.1,1.7,.614,2.3,4.0,6.4,0.5,0.9,1.7,1.5,7.1,7.41
Matthew Dellavedova,Saint Mary's,136,132,36.4,4.3,10.5,.415,2.2,4.9,.456,2.1,5.6,.378,3.4,4.0,.860,0.8,2.6,3.4,5.6,1.1,0.1,2.5,14.2,2.06
Gorgui Dieng,Louisville,102,81,27.3,3.3,6.1,.545,3.3,6.0,.546,0.0,0.0,.333,1.7,2.7,.640,3.0,4.9,7.9,1.2,1.0,2.6,1.6,8.3,8.78
Shane Edwards,Little Rock,62,52,22.8,3.2,6.9,.472,2.8,5.4,.521,0.5,1.5,.298,2.1,3.2,.642,1.6,3.0,4.7,1.0,0.8,0.6,1.7,9.0,-3.99
Carrick Felix,Arizona State,94,69,27.9,3.6,8.0,.456,2.6,4.7,.545,1.1,3.2,.326,1.9,2.6,.704,1.3,3.5,4.8,1.3,1.0,0.8,1.7,10.2,5.37
Jamaal Franklin,San Diego State,85,54,25.9,4.3,10.0,.426,3.1,6.2,.504,1.2,3.8,.302,4.0,5.1,.780,1.5,5.5,7.0,1.9,1.0,0.6,2.6,13.7,5.45
Archie Goodwin,Kentucky,33,33,31.8,4.8,10.8,.440,4.2,8.9,.478,0.5,1.9,.266,4.1,6.4,.637,1.5,3.2,4.6,2.7,1.1,0.5,3.1,14.1,5.78
Jorge Gutierrez,California,129,79,26.6,3.2,7.4,.430,2.5,5.5,.461,0.7,1.9,.340,2.5,3.4,.737,0.7,3.1,3.8,3.3,1.1,0.1,2.1,9.6,7.29
Justin Hamilton,Florida,113,73,31.2,2.6,5.4,.489,2.0,3.3,.589,0.7,2.1,.331,0.9,1.2,.739,0.8,2.3,2.6,2.7,1.5,0.3,1.5,6.9,8.03
Tim Hardaway,UTEP,124,92,28.8,4.6,9.4,.486,4.8,9.4,.512,0.7,2.0,.352,3.0,4.2,.718,,,2.6,4.5,2.1,0.2,2.0,12.8,2.63
Elias Harris,Gonzaga,135,133,28.0,4.9,9.5,.517,4.4,7.9,.550,0.6,1.6,.356,3.3,4.6,.723,2.0,5.3,7.3,1.3,0.9,0.5,1.8,13.8,3.82
Solomon Hill,Arizona,139,129,29.0,3.5,7.3,.481,2.7,5.1,.528,0.8,2.2,.375,2.5,3.3,.745,1.8,3.8,5.6,2.2,0.9,0.4,2.1,10.3,7.05
Scotty Hopson,Tennessee,103,98,26.8,4.6,10.4,.444,3.1,6.3,.502,1.5,4.1,.354,2.0,3.0,.671,0.8,2.3,3.1,1.3,0.8,0.2,2.1,12.7,8.06
Robbie Hummel,Purdue,127,120,30.2,4.6,10.4,.443,2.9,6.0,.483,1.7,4.4,.389,3.1,3.7,.841,1.9,4.9,6.8,2.1,1.0,0.9,1.1,14.0,7.48
Ryan Kelly,Eastern Illinois,41,0,16.3,0.7,1.2,.529,0.7,1.2,.540,0.0,0.0,.000,0.4,0.9,.474,0.7,1.2,1.9,0.4,0.2,0.3,0.6,1.8,-2.08
Shane Larkin,Miami (FL),68,54,31.3,3.8,8.6,.438,2.3,4.6,.491,1.5,4.0,.375,2.2,2.7,.808,0.5,2.7,3.2,3.6,1.8,0.1,2.1,11.2,7.03
Alex Len,Maryland,60,48,24.5,3.8,7.0,.538,3.7,6.8,.548,0.0,0.2,.111,2.2,3.3,.663,2.4,4.5,7.0,0.8,0.2,2.1,1.6,9.7,5.32
Ray McCallum,,Ball State,,115,,36.2,7.4,14.5,.507,,,,,,,3.6,4.5,.804,2.1,2.4,1.3,0.2,1.9,18.3,-1.54
CJ McCollum,Lehigh,111,108,32.9,6.9,15.7,.439,5.0,10.5,.470,2.0,5.2,.377,5.5,6.7,.825,1.5,4.8,6.3,2.7,2.1,0.5,2.4,21.3,-5.41
Ben McLemore,Kansas,37,36,32.2,5.4,10.8,.495,3.4,6.1,.553,2.0,4.7,.420,3.2,3.7,.870,1.3,3.9,5.2,2.0,1.0,0.7,2.1,15.9,7.54
Gal Mekel,Wichita State,62,29,21.9,2.2,5.7,.379,1.3,3.0,.446,0.8,2.7,.306,1.5,1.9,.809,0.4,1.7,2.1,2.7,0.4,0.0,2.0,6.7,4.60
Tony Mitchell,North Carolina A&T,70,,,0.9,2.7,.333,0.6,1.5,.380,0.3,1.2,.274,0.3,0.6,.455,,,1.5,0.5,0.2,0.1,,2.4,-10.52
Tony Mitchell,North Carolina A&T,70,,,0.9,2.7,.333,0.6,1.5,.380,0.3,1.2,.274,0.3,0.6,.455,,,1.5,0.5,0.2,0.1,,2.4,-10.52
Shabazz Muhammad,UCLA,32,30,30.8,6.3,14.3,.443,5.1,10.9,.463,1.3,3.3,.377,4.0,5.6,.711,2.7,2.5,5.2,0.8,0.7,0.1,1.6,17.9,7.82
Erik Murphy,Florida,136,67,18.3,2.9,5.7,.514,1.9,3.3,.572,1.1,2.4,.435,0.8,1.1,.757,1.2,2.6,3.7,0.7,0.4,0.6,1.0,7.7,7.22
Toure' Murry,Wichita State,139,130,28.8,3.7,9.2,.405,2.8,6.1,.454,1.0,3.1,.311,2.6,3.5,.763,1.1,3.4,4.5,3.1,1.3,0.3,2.4,11.1,2.35
Mike Muscala,Bucknell,133,118,28.7,5.4,10.8,.501,5.3,10.3,.510,0.2,0.5,.313,4.3,5.2,.819,2.3,6.0,8.2,1.6,0.4,2.0,1.6,15.3,-3.94
James Nunnally,UCSB,123,93,29.4,4.5,9.8,.465,3.0,5.8,.517,1.5,3.9,.386,3.1,4.0,.784,1.0,4.2,5.1,2.0,0.6,0.2,2.2,13.7,-0.86
Victor Oladipo,Indiana,104,75,24.6,3.9,7.3,.538,3.4,5.9,.585,0.5,1.4,.338,2.5,3.5,.716,2.0,3.2,5.2,1.7,1.5,0.5,2.0,10.7,7.94
Kelly Olynyk,Gonzaga,101,31,17.2,3.3,5.6,.594,3.1,4.9,.634,0.2,0.7,.333,2.0,2.8,.709,1.5,3.1,4.6,1.1,0.5,0.5,1.4,8.9,4.00
Arinze Onuaku,Syracuse,134,103,22.8,4.0,6.2,.648,4.0,6.2,.648,0.0,0.0,,1.1,2.9,.395,2.4,3.6,6.0,0.5,0.7,1.1,1.4,9.2,8.20
Mason Plumlee,Duke,141,99,25.9,3.7,6.5,.574,3.7,6.4,.578,0.0,0.1,.200,2.4,4.0,.583,2.4,5.4,7.7,1.5,0.8,1.4,2.0,9.8,8.87
Otto Porter,Georgetown,64,38,32.5,4.6,9.2,.498,3.7,6.8,.550,0.9,2.4,.355,2.8,3.8,.751,1.9,5.3,7.1,2.1,1.5,0.9,1.3,12.8,7.64
Phil Pressey,Missouri,99,81,29.7,3.2,8.2,.395,2.1,4.9,.429,1.2,3.3,.347,2.1,2.7,.757,0.6,2.3,3.0,5.9,2.0,0.1,2.7,9.7,6.06
Glen Rice,Michigan,134,105,29.8,7.5,13.1,.569,7.5,12.6,.591,1.3,2.8,.480,2.3,2.8,.797,,,6.4,2.0,0.8,0.3,1.8,18.2,9.85
Andre Roberson,Colorado,105,65,28.3,3.6,7.1,.516,3.2,5.7,.555,0.5,1.4,.350,1.9,3.2,.582,2.9,7.0,10.0,1.1,1.6,1.4,1.7,9.6,6.43
Peyton Siva,Louisville,144,113,26.2,2.9,6.9,.417,2.2,4.5,.482,0.7,2.4,.291,2.0,2.8,.737,0.3,2.1,2.4,4.7,1.8,0.1,2.7,8.4,8.58
Chris Smith,UConn,127,67,33.6,5.7,13.6,.421,3.8,8.9,.432,1.9,4.8,.400,3.5,4.6,.761,,,2.9,3.4,1.5,0.3,2.3,16.9,7.54
Tony Snell,New Mexico,104,76,24.8,3.0,7.1,.421,1.4,2.9,.480,1.6,4.2,.380,1.6,1.9,.821,0.4,2.0,2.4,2.0,0.5,0.3,1.5,9.2,4.95
James Southerland,Syracuse,112,13,18.7,2.9,6.5,.449,1.5,2.8,.553,1.4,3.7,.370,0.7,0.9,.740,0.8,2.5,3.3,0.6,0.9,0.8,0.6,7.9,8.15
D.J. Stephens,Memphis,129,35,13.2,1.6,2.6,.627,1.5,2.2,.669,0.1,0.4,.370,0.6,1.0,.633,1.2,2.1,3.4,0.3,0.5,1.2,0.4,4.0,3.69
Adonis Thomas,Memphis,55,44,27.5,4.1,9.5,.426,3.3,7.2,.458,0.7,2.3,.325,1.9,2.5,.745,1.3,2.8,4.0,1.5,0.6,0.7,1.5,10.7,3.98
Hollis Thompson,Georgetown,99,57,24.6,3.1,6.5,.478,1.8,3.6,.508,1.3,2.9,.440,1.2,1.7,.676,1.1,3.0,4.1,1.1,0.8,0.4,1.1,8.7,9.21
Casper Ware,Long Beach State,131,128,33.0,4.5,11.1,.402,2.8,6.5,.440,1.6,4.7,.349,3.5,4.4,.784,0.5,2.1,2.5,4.2,1.6,0.1,2.8,14.1,0.96
Royce White,Iowa State,34,33,31.5,5.1,9.6,.534,5.0,9.3,.541,0.1,0.4,.333,3.0,6.0,.498,2.5,6.8,9.3,5.0,1.2,0.9,3.8,13.4,7.32
Jeff Withey,Kansas,117,76,19.8,2.8,4.9,.568,2.8,4.9,.567,0.0,0.0,1.000,2.4,3.3,.726,1.6,3.8,5.4,0.6,0.5,2.7,1.2,8.0,8.34
Nate Wolters,South Dakota State,127,109,33.1,6.1,13.5,.450,4.8,9.9,.490,1.2,3.6,.342,5.1,6.4,.803,0.9,3.8,4.7,5.3,1.5,0.2,2.2,18.5,-3.55
Cody Zeller,Indiana,72,72,29.0,5.5,9.4,.592,5.5,9.3,.594,0.0,0.0,.000,5.0,6.6,.756,2.6,4.7,7.3,1.3,1.2,1.2,2.0,16.1,8.09
Quincy Acy,Baylor,139,66,25.1,3.6,6.0,.602,3.6,6.0,.604,0.0,0.1,.429,2.5,3.6,.708,2.2,3.8,6.0,0.6,0.7,1.3,1.5,9.8,7.20
Josh Akognon,Cal State Fullerton,64,64,33.6,7.2,17.0,.422,3.3,6.7,.485,3.9,10.3,.381,3.7,4.2,.895,0.6,2.7,3.3,1.5,1.2,0.1,2.2,22.0,
Harrison Barnes,UNC,75,73,29.3,5.8,13.6,.430,4.3,9.1,.469,1.5,4.4,.349,3.1,4.3,.734,2.0,3.5,5.5,1.3,0.9,0.4,1.9,16.3,8.61
Will Barton,Memphis,70,59,32.9,5.7,12.0,.471,4.6,8.4,.546,1.1,3.6,.299,2.7,3.7,.733,1.7,4.8,6.5,2.9,1.5,0.6,2.3,15.2,4.20
Aron Baynes,Washington State,122,86,22.0,3.2,5.9,.546,3.2,5.9,.547,0.0,0.0,.333,2.3,3.2,.698,1.7,3.6,5.4,0.3,0.3,0.8,1.2,8.7,6.91
Kent Bazemore,Old Dominion,140,103,26.3,3.7,8.3,.447,3.0,6.1,.486,0.7,2.1,.334,2.0,3.5,.581,1.4,3.2,4.6,2.7,1.8,0.5,2.3,10.1,0.42
Bradley Beal,Florida,37,37,34.2,4.7,10.6,.445,3.0,5.6,.541,1.7,5.0,.339,3.6,4.7,.769,1.4,5.4,6.7,2.2,1.4,0.8,2.1,14.8,7.33
Patrick Beverley,Arkansas,70,67,34.1,4.1,9.7,.420,2.1,4.6,.463,2.0,5.2,.382,2.8,3.9,.730,1.2,4.4,5.5,2.8,1.5,0.4,2.0,13.0,7.74
Chris Copeland,Colorado,113,42,17.0,2.5,5.9,.431,1.5,3.0,.497,1.0,2.9,.361,1.4,2.0,.701,1.2,2.6,3.8,1.0,0.4,0.8,1.2,7.5,7.06
Jae Crowder,Marquette,72,52,30.2,5.2,10.6,.492,3.8,6.5,.581,1.4,4.1,.350,2.7,4.0,.683,2.1,5.4,7.6,1.8,1.9,0.9,1.0,14.6,8.00
Jared Cunningham,Cleveland State,33,12,14.8,1.8,4.9,.377,1.1,2.6,.419,0.8,2.3,.329,0.7,1.0,.750,0.7,1.9,2.6,0.4,0.4,0.4,0.7,5.2,2.12
Anthony Davis,Austin Peay,124,115,30.1,4.9,11.6,.420,3.7,8.0,.470,1.1,3.6,.311,2.4,3.3,.728,1.4,3.0,4.4,2.3,1.6,0.3,2.0,13.3,-1.59
Andre Drummond,UConn,34,30,28.4,4.6,8.6,.538,4.6,8.5,.541,0.0,0.1,.000,0.8,2.6,.295,3.4,4.2,7.6,0.4,0.8,2.7,1.5,10.0,8.07
Kim English,Missouri,141,106,24.2,3.7,8.7,.420,2.0,4.4,.444,1.7,4.3,.394,2.1,2.9,.727,0.7,2.4,3.0,1.4,1.1,0.2,1.7,11.1,6.32
Festus Ezeli,Vanderbilt,121,67,17.9,2.7,4.9,.562,2.7,4.9,.562,0.0,0.0,,2.3,3.9,.584,1.8,2.7,4.5,0.1,0.3,1.7,1.6,7.7,6.64
Diante Garrett,Iowa State,128,99,30.9,3.9,9.7,.407,3.2,7.1,.447,0.8,2.6,.297,2.0,2.7,.729,0.3,2.5,2.8,4.8,1.2,0.2,2.8,10.7,6.64
Draymond Green,Michigan State,145,66,25.0,3.7,8.0,.467,3.1,6.3,.496,0.6,1.7,.361,2.3,3.4,.687,2.0,5.6,7.6,2.9,1.2,0.8,1.9,10.5,9.75
Ben Hansbrough,Notre Dame,69,69,35.4,4.7,10.0,.469,2.4,4.7,.517,2.2,5.2,.425,3.5,4.5,.780,0.8,3.1,3.9,4.3,1.1,0.1,2.1,15.1,
Maurice Harkless,St. John's (NY),32,32,36.1,6.0,13.3,.452,5.5,10.9,.506,0.5,2.5,.215,2.9,4.3,.676,2.8,5.9,8.6,1.5,1.6,1.4,2.5,15.5,6.98
John Henson,UNC,109,82,23.8,4.4,8.8,.497,4.3,8.5,.505,0.0,0.2,.208,1.6,3.2,.484,2.5,5.7,8.1,1.0,0.6,2.5,1.5,10.3,9.01
Justin Holiday,Washington,123,56,19.6,2.0,4.6,.443,1.6,3.3,.485,0.5,1.4,.343,0.7,1.0,.736,1.3,2.3,3.6,1.5,0.8,0.5,1.0,5.3,7.86
John Jenkins,Vanderbilt,98,74,30.6,5.3,11.2,.468,2.1,4.1,.521,3.1,7.1,.438,3.3,3.8,.856,0.4,2.3,2.7,1.1,0.7,0.3,1.3,16.9,7.59
Chris Johnson,Dayton,138,93,24.9,3.4,7.9,.427,1.7,3.3,.505,1.7,4.6,.371,2.1,2.6,.826,2.3,3.9,6.1,1.1,0.8,0.4,1.1,10.6,3.72
Orlando Johnson,UCSB,93,92,33.0,6.5,13.9,.468,4.5,9.1,.498,2.0,4.8,.411,4.7,6.3,.736,1.7,4.1,5.8,2.7,1.0,0.6,2.6,19.6,
Darius Johnson-Odom,Marquette,105,90,30.8,5.3,12.0,.444,3.2,6.7,.476,2.1,5.2,.403,3.0,4.1,.722,0.5,2.5,3.1,2.5,0.9,0.2,2.1,15.7,8.08
DeQuan Jones,Miami (FL),111,32,14.5,1.8,4.1,.440,1.7,3.6,.480,0.1,0.5,.169,0.9,1.4,.632,0.9,1.8,2.4,0.5,0.5,0.5,1.1,4.6,7.16
Kevin Jones,Bradley,9,0,1.1,0.0,0.1,.000,0.0,0.0,,0.0,0.1,.000,0.0,0.2,.000,0.0,0.0,0.0,0.1,0.0,0.0,0.0,0.0,3.24
Perry Jones,Baylor,63,62,32.2,5.5,10.5,.522,5.3,9.8,.539,0.2,0.7,.279,2.6,3.8,.678,2.7,4.7,7.4,1.2,0.7,0.7,2.0,13.7,6.41
Terrence Jones,Kentucky,76,69,30.4,5.0,10.8,.467,4.5,9.1,.493,0.6,1.7,.328,3.4,5.3,.638,2.5,5.5,8.0,1.5,1.2,1.8,1.8,14.0,8.42
Kris Joseph,Syracuse,140,77,26.6,3.5,7.8,.449,2.7,5.4,.501,0.8,2.4,.331,2.7,3.9,.702,1.3,3.2,4.5,1.5,1.3,0.5,1.6,10.5,8.37
Michael Kidd-Gilchrist,Kentucky,40,39,31.1,4.0,8.2,.491,3.7,6.9,.535,0.3,1.3,.255,3.6,4.8,.745,2.6,4.9,7.4,1.9,1.0,0.9,2.2,11.9,7.93
Doron Lamb,Kentucky,78,49,29.8,4.3,8.9,.485,2.5,5.0,.492,1.8,3.9,.475,2.6,3.2,.811,0.4,1.9,2.3,1.6,0.5,0.1,1.2,13.1,8.42
Jeremy Lamb,UConn,75,74,32.1,5.3,11.0,.482,3.8,6.6,.573,1.6,4.5,.348,1.9,2.4,.806,1.1,3.6,4.7,1.7,1.0,0.6,1.6,14.1,9.25
Meyers Leonard,Illinois,65,30,19.8,3.0,5.4,.567,3.0,5.2,.585,0.0,0.2,.083,1.6,2.2,.729,1.3,3.4,4.7,0.7,0.3,1.1,1.4,7.7,9.55
Damian Lillard,Weber State,104,98,32.3,5.6,12.6,.446,3.3,6.5,.497,2.4,6.1,.390,5.0,5.8,.867,0.4,3.9,4.3,3.5,1.2,0.2,2.4,18.6,-2.21
Scott Machado,Iona,132,125,31.4,4.0,9.3,.429,3.1,6.6,.466,0.9,2.7,.342,3.3,4.4,.740,0.8,3.1,3.9,6.7,1.4,0.1,3.3,12.2,-2.07
Kendall Marshall,UNC,73,55,28.8,2.5,5.6,.446,1.8,3.8,.484,0.7,1.8,.366,1.5,2.2,.693,0.2,2.2,2.3,8.0,1.1,0.1,2.6,7.2,8.61
Fab Melo,Syracuse,63,54,17.3,2.1,3.6,.576,2.1,3.6,.576,0.0,0.0,,0.7,1.3,.553,1.6,2.2,3.8,0.5,0.4,1.8,1.1,4.9,8.40
Khris Middleton,Texas A&M,87,72,26.0,3.9,9.1,.431,2.9,5.8,.494,1.1,3.3,.321,2.4,3.1,.768,1.5,3.0,4.6,2.0,1.0,0.2,2.0,11.3,7.42
Darius Miller,Kentucky,152,82,24.9,2.9,6.5,.448,1.8,3.5,.509,1.2,3.0,.379,1.2,1.5,.815,1.0,2.2,3.2,1.8,0.8,0.7,1.4,8.2,7.12
Quincy Miller,Baylor,37,35,24.4,3.7,8.4,.447,3.1,6.5,.475,0.6,1.9,.348,2.5,3.1,.816,1.5,3.5,4.9,1.4,0.7,0.6,1.8,10.6,8.03
Arnett Moultrie,Mississippi State,30,30,35.8,6.0,10.9,.549,5.7,10.3,.555,0.3,0.6,.444,4.1,5.3,.780,3.7,6.8,10.5,1.2,0.8,0.8,2.4,16.4,
Kevin Murphy,Tennessee Tech,128,109,29.0,5.5,12.5,.443,4.0,8.4,.476,1.5,4.0,.372,3.3,4.4,.734,0.8,3.3,4.2,1.9,0.8,0.2,3.0,15.8,-4.01
Andrew Nicholson,St. Bonaventure,123,118,29.9,6.6,11.4,.575,6.3,10.8,.586,0.2,0.6,.377,3.7,5.1,.720,2.2,5.0,7.2,0.7,0.5,2.0,2.4,17.1,1.35
Kyle O'Quinn,Norfolk State,129,98,27.5,4.7,8.6,.553,4.3,7.0,.620,0.4,1.6,.261,2.6,3.8,.685,2.6,5.9,8.5,0.9,0.5,2.2,2.0,12.5,-7.19
Miles Plumlee,Duke,135,58,15.8,1.9,3.5,.557,1.9,3.5,.557,0.0,0.0,1.000,0.9,1.5,.625,1.8,3.0,4.8,0.3,0.5,0.6,1.0,4.8,8.75
Austin Rivers,Duke,34,33,33.2,5.1,11.8,.433,3.4,7.1,.477,1.7,4.7,.365,3.6,5.4,.658,0.6,2.8,3.4,2.1,1.0,0.0,2.3,15.5,8.40
Brian Roberts,Dayton,125,94,31.2,5.2,11.5,.452,2.9,6.2,.462,2.3,5.3,.441,2.9,3.4,.849,0.3,2.6,3.0,2.8,0.5,0.1,2.2,15.7,2.11
Terrence Ross,Washington,69,39,24.4,4.6,10.1,.453,2.9,5.5,.528,1.7,4.6,.364,1.4,1.8,.764,1.1,3.5,4.7,1.2,0.9,0.7,1.4,12.3,6.51
Robert Sacre,Gonzaga,136,111,21.7,3.0,6.0,.504,3.0,5.9,.505,0.0,0.0,.250,3.3,4.5,.735,1.8,3.2,5.0,0.7,0.5,1.4,1.6,9.3,3.36
Mike Scott,Eastern Kentucky,55,33,22.9,1.9,5.0,.389,1.5,3.6,.429,0.4,1.4,.286,1.9,2.8,.677,1.5,2.1,3.5,2.0,1.3,0.1,1.6,6.2,-5.05
Henry Sims,Georgetown,121,34,15.1,1.8,3.7,.479,1.8,3.6,.493,0.0,0.1,.118,1.3,2.0,.654,0.9,2.2,3.2,1.4,0.3,0.8,1.3,4.9,9.15
Kyle Singler,Duke,148,147,33.0,5.5,12.7,.433,3.7,7.7,.479,1.8,5.0,.363,3.4,4.3,.773,2.4,4.4,6.9,2.0,1.1,0.7,2.1,16.2,8.97
Jared Sullinger,Ohio State,74,72,31.0,6.1,11.5,.530,5.8,10.8,.541,0.3,0.7,.365,4.9,6.7,.733,3.3,6.4,9.7,1.2,1.1,0.8,1.8,17.3,8.73
Jeffery Taylor,Vanderbilt,134,133,29.3,5.0,10.3,.483,4.1,7.9,.520,0.9,2.4,.358,3.4,4.9,.693,2.1,3.5,5.6,1.9,1.1,0.4,2.3,14.2,6.64
Tyshawn Taylor,Kansas,146,126,27.7,3.8,7.9,.477,3.0,5.7,.518,0.8,2.2,.370,2.5,3.5,.708,0.3,1.9,2.2,3.9,1.2,0.2,2.6,10.8,8.42
Marquis Teague,Kentucky,40,40,32.6,3.6,8.8,.412,3.0,6.8,.438,0.7,2.0,.325,2.1,3.0,.714,0.4,2.1,2.5,4.8,0.9,0.3,2.7,10.0,7.93
Jarvis Varnado,Mississippi State,141,119,25.5,3.9,6.6,.589,3.9,6.6,.591,0.0,0.0,.250,2.2,3.6,.595,2.5,5.3,7.8,0.6,0.5,4.0,1.4,10.0,5.47
Dion Waiters,Syracuse,71,0,20.4,3.5,7.7,.453,2.5,4.9,.513,1.0,2.8,.348,1.8,2.3,.753,0.4,1.5,1.9,2.0,1.5,0.2,1.1,9.7,8.40
Maalik Wayns,Villanova,95,56,25.9,4.0,9.7,.412,3.0,6.3,.478,1.0,3.4,.291,3.6,4.2,.848,0.5,2.2,2.7,3.4,0.9,0.0,2.3,12.5,7.87
Chris Wright,Dayton,123,116,27.0,4.8,9.8,.489,4.6,8.9,.515,0.2,0.9,.229,3.2,4.8,.662,2.4,4.8,7.2,1.2,0.8,1.3,2.5,13.0,3.66
Tony Wroten,Washington,35,27,30.3,5.7,12.8,.443,5.4,11.2,.483,0.3,1.6,.161,4.4,7.5,.583,2.3,2.7,5.0,3.7,1.9,0.4,3.8,16.0,5.27
Luke Zeller,Notre Dame,128,32,13.2,1.5,3.7,.417,0.7,1.4,.511,0.8,2.3,.360,0.3,0.5,.574,0.8,1.7,2.5,0.6,0.2,0.3,0.6,4.2,6.85
Tyler Zeller,UNC,117,75,23.0,4.7,8.6,.543,4.7,8.6,.544,0.0,0.0,.000,3.5,4.5,.775,2.7,4.0,6.7,0.6,0.7,1.1,1.4,12.8,8.85
Lavoy Allen,Temple,135,130,32.2,4.4,8.2,.534,4.2,7.7,.549,0.1,0.5,.288,1.6,2.4,.671,3.0,5.5,8.5,2.1,0.5,1.6,1.4,10.5,4.24
Keith Benson,Oakland,135,126,26.8,5.1,9.1,.558,5.0,8.9,.562,0.1,0.2,.379,3.9,5.7,.679,2.5,5.7,8.2,0.7,0.5,2.7,1.4,14.1,-1.32
MarShon Brooks,Providence,113,56,25.3,5.2,11.2,.464,3.8,7.0,.543,1.4,4.2,.333,2.6,3.6,.739,1.6,2.7,4.3,1.5,1.1,0.7,1.8,14.4,7.44
Alec Burks,Colorado,68,67,30.9,6.2,12.6,.495,5.5,10.4,.533,0.7,2.2,.313,5.9,7.3,.804,2.2,3.6,5.8,2.4,1.1,0.4,2.3,19.0,6.65
Jimmy Butler,Marquette,106,69,29.6,3.7,7.2,.508,3.3,6.4,.525,0.3,0.9,.383,4.3,5.6,.773,2.3,3.1,5.5,1.7,1.1,0.5,1.0,12.0,8.21
Derrick Byars,Vanderbilt,64,64,31.5,5.3,11.3,.467,3.0,5.7,.531,2.2,5.5,.400,2.1,2.9,.713,1.2,3.0,4.3,3.3,1.2,0.2,2.4,14.8,
Norris Cole,Cleveland State,140,106,29.4,4.8,11.1,.435,3.8,8.0,.480,1.0,3.1,.321,3.5,4.2,.826,0.6,2.5,3.2,3.3,1.5,0.1,2.0,14.1,1.92
Justin Dentmon,Washington,133,102,27.3,3.4,8.0,.428,2.4,5.2,.471,1.0,2.9,.349,2.8,3.6,.789,1.0,2.1,3.2,3.0,1.4,0.1,2.3,10.7,7.16
Jerome Dyson,UConn,113,106,30.4,4.6,11.9,.390,3.4,8.1,.423,1.2,3.8,.318,4.0,5.4,.735,1.1,2.8,3.9,2.9,1.7,0.5,2.8,14.4,7.64
Kenneth Faried,Morehead State,136,122,29.1,5.8,10.1,.569,5.7,10.0,.572,0.0,0.1,.250,3.2,5.6,.583,4.4,7.9,12.3,0.9,1.7,1.8,2.2,14.8,-4.03
Jeff Foote,Cornell,87,64,26.5,4.2,7.4,.573,4.2,7.4,.573,0.0,0.0,,2.6,4.3,.603,2.1,5.2,7.3,2.1,0.4,1.8,2.0,11.0,-3.22
Courtney Fortson,Arkansas,47,46,33.0,5.3,13.4,.397,4.1,9.6,.431,1.2,3.8,.311,4.1,6.1,.677,1.6,3.8,5.4,5.9,1.2,0.1,4.7,16.0,4.49
Jimmer Fredette,BYU,139,102,29.6,6.0,13.3,.455,3.9,7.8,.497,2.1,5.4,.394,4.5,5.1,.882,0.5,2.1,2.6,3.7,1.2,0.1,2.5,18.7,3.56
Mickell Gladness,Alabama A&M,85,83,26.8,2.6,5.8,.442,2.6,5.8,.445,0.0,0.0,.000,2.1,3.2,.667,1.6,5.4,7.0,0.5,0.6,4.7,1.6,7.3,-11.93
Andrew Goudelock,College of Charleston,140,124,32.8,6.8,14.9,.457,4.0,8.1,.494,2.8,6.8,.413,1.9,2.2,.838,0.6,2.7,3.3,3.0,0.9,0.3,2.2,18.4,-2.92
Jordan Hamilton,Lehigh,93,38,14.8,1.5,3.5,.425,0.9,1.6,.547,0.6,1.9,.324,0.7,1.0,.753,0.5,0.9,1.4,0.5,0.3,0.3,0.7,4.3,-6.72
Justin Harper,Richmond,137,96,22.9,3.9,8.1,.483,2.6,4.7,.557,1.3,3.4,.382,1.5,2.1,.711,1.4,3.3,4.8,0.7,0.6,0.8,1.3,10.6,2.46
Josh Harrellson,Kentucky,94,40,15.8,2.0,3.6,.549,1.9,3.3,.571,0.1,0.3,.310,0.6,1.0,.649,1.9,2.8,4.7,0.4,0.5,0.9,0.6,4.7,6.85
Terrel Harris,Oklahoma State,134,89,26.4,3.3,7.5,.440,2.1,4.3,.494,1.1,3.1,.366,2.1,2.6,.815,1.1,2.8,3.8,1.5,1.3,0.2,2.1,9.8,7.03
Tobias Harris,Tennessee,34,33,29.2,5.4,11.8,.460,4.8,9.6,.497,0.7,2.2,.303,3.8,5.0,.753,2.0,5.3,7.3,1.3,0.7,0.9,1.8,15.3,8.73
Cory Higgins,Colorado,132,131,33.9,4.9,10.6,.467,4.0,7.9,.509,0.9,2.7,.347,4.3,5.2,.825,0.7,3.4,4.1,2.4,1.5,0.4,2.3,15.2,6.28
Darington Hobson,New Mexico,35,35,33.6,5.5,12.5,.440,4.4,9.5,.465,1.1,3.1,.361,3.7,5.7,.653,2.1,7.1,9.3,4.6,1.3,0.4,3.0,15.9,3.84
Tyler Honeycutt,UCLA,59,51,31.7,3.6,8.4,.431,2.5,5.3,.473,1.1,3.1,.359,2.0,2.9,.684,1.7,5.2,6.9,2.8,1.2,1.7,2.8,10.3,7.90
Dennis Horner,NC State,128,46,20.3,2.3,4.9,.468,1.6,3.1,.535,0.7,1.9,.358,1.5,2.0,.781,0.9,2.0,2.9,0.9,0.5,0.5,0.9,6.8,7.87
Kyrie Irving,Duke,11,8,27.5,5.0,9.5,.529,3.4,5.9,.569,1.6,3.5,.462,5.8,6.5,.901,0.5,2.8,3.4,4.3,1.5,0.5,2.5,17.5,8.31
Reggie Jackson,Boston College,99,52,28.0,4.6,9.9,.465,3.4,6.4,.527,1.2,3.5,.351,2.3,3.0,.753,1.4,3.0,4.4,3.5,0.8,0.5,2.1,12.7,7.25
Charles Jenkins,Hofstra,128,128,35.9,6.6,14.5,.456,5.2,10.8,.482,1.4,3.7,.382,5.0,6.2,.811,1.0,3.3,4.3,3.8,1.7,0.6,3.0,19.6,-1.45
Carldell Johnson,Alabama-Birmingham,96,85,28.7,2.0,4.8,.405,1.0,2.5,.409,0.9,2.4,.401,0.8,1.1,.716,0.6,1.7,2.3,5.0,2.3,0.0,1.6,5.7,3.99
Ivan Johnson,Oregon,28,6,16.1,2.9,5.9,.500,2.9,5.7,.513,0.0,0.1,.000,1.6,2.5,.634,1.0,2.2,3.2,0.4,0.9,0.3,1.7,7.5,6.85
JaJuan Johnson,Purdue,140,119,27.5,5.0,10.1,.501,4.9,9.6,.512,0.1,0.4,.250,3.5,4.7,.743,2.0,4.1,6.1,0.7,0.7,1.9,1.3,13.7,7.64
Jerome Jordan,Tulsa,133,119,24.2,4.1,7.2,.567,4.1,7.2,.567,0.0,0.0,,3.1,4.5,.696,2.2,5.2,7.4,0.8,0.4,2.5,2.0,11.3,2.63
Cory Joseph,Texas,36,36,32.4,3.8,8.9,.422,2.3,5.4,.429,1.4,3.5,.413,1.4,2.0,.699,0.6,2.9,3.6,3.0,1.0,0.3,1.5,10.4,7.96
D.J. Kennedy,St. John's (NY),129,125,30.4,3.7,8.4,.436,2.7,5.8,.472,0.9,2.6,.358,3.3,4.5,.746,1.7,4.4,6.1,2.4,1.4,0.5,2.1,11.7,8.21
Brandon Knight,Kentucky,38,38,35.9,5.7,13.5,.423,3.4,7.4,.461,2.3,6.1,.377,3.6,4.5,.795,0.7,3.4,4.0,4.2,0.7,0.2,3.2,17.3,8.91
Malcolm Lee,UCLA,94,65,26.7,3.3,7.5,.441,2.6,4.8,.533,0.8,2.7,.278,2.3,3.2,.717,0.8,2.2,3.0,2.0,0.8,0.2,1.7,9.7,7.66
Kawhi Leonard,San Diego State,70,69,31.9,5.4,12.0,.449,4.8,9.7,.497,0.6,2.3,.250,2.8,3.7,.744,3.3,6.9,10.2,2.2,1.4,0.6,2.2,14.1,5.29
Travis Leslie,Georgia,90,68,26.1,4.6,9.6,.482,4.4,9.0,.492,0.2,0.6,.333,2.7,3.7,.743,2.7,3.4,6.1,2.1,1.1,0.7,2.0,12.2,6.56
Jon Leuer,Wisconsin,123,68,22.8,4.2,8.7,.482,3.4,6.5,.521,0.8,2.2,.368,2.0,2.7,.723,1.3,3.2,4.5,1.1,0.4,0.7,1.2,11.2,8.06
DeAndre Liggins,Kentucky,100,29,21.9,1.9,4.8,.407,1.3,2.9,.455,0.6,1.9,.332,1.3,2.0,.643,0.5,2.5,3.0,2.1,0.9,0.5,1.5,5.8,6.85
Shelvin Mack,Butler,108,107,31.2,4.8,11.4,.419,2.8,5.8,.480,2.0,5.6,.357,2.6,3.4,.755,0.8,3.4,4.2,3.3,1.1,0.1,2.2,14.1,4.05
Vernon Macklin,Florida,71,69,24.8,4.9,8.2,.599,4.9,8.2,.599,0.0,0.0,,1.3,2.6,.511,2.4,3.0,5.5,0.8,0.5,0.8,1.5,11.1,
E'Twaun Moore,Purdue,140,135,32.3,5.6,12.7,.440,3.8,8.1,.473,1.7,4.6,.380,2.4,3.3,.729,1.1,3.3,4.4,2.9,1.2,0.4,2.1,15.3,7.64
Darius Morris,Michigan,67,53,29.8,3.8,8.0,.469,3.4,6.5,.528,0.3,1.5,.223,2.0,2.9,.695,0.7,2.3,2.9,4.8,0.8,0.1,2.3,9.9,10.03
Marcus Morris,Kansas,109,90,24.0,4.7,8.4,.555,4.3,7.3,.585,0.4,1.1,.358,2.9,4.3,.660,2.4,3.8,6.2,1.3,0.9,0.4,1.6,12.6,7.92
Markieff Morris,Kansas,109,43,19.3,3.1,5.7,.553,2.8,4.8,.579,0.3,0.9,.404,1.9,2.9,.653,2.0,4.1,6.1,1.2,0.6,0.9,1.6,8.5,7.92
Daniel Orton,Kentucky,38,0,13.2,1.3,2.4,.527,1.3,2.3,.539,0.0,0.1,.000,0.9,1.7,.524,1.2,2.1,3.3,0.4,0.6,1.4,1.0,3.4,6.82
Jeremy Pargo,Gonzaga,134,103,28.7,3.4,7.3,.465,2.9,5.5,.515,0.6,1.8,.311,1.9,2.7,.704,0.5,2.9,3.4,4.4,1.3,0.1,2.7,9.3,3.62
Chandler Parsons,Florida,142,81,27.9,3.7,7.8,.477,2.6,4.6,.575,1.1,3.2,.337,1.7,2.8,.611,1.9,4.1,6.0,2.4,0.9,0.3,1.6,10.2,5.90
Ryan Reid,Florida State,126,66,20.2,1.9,3.8,.495,1.9,3.8,.494,0.0,0.0,1.000,1.2,2.0,.604,1.7,2.2,3.9,0.7,0.5,0.6,1.6,5.0,7.66
Walker Russell,,Western Michigan,,46,,,7.4,15.5,.476,,,,,,,3.7,4.5,.808,4.0,,,,,18.4,
Josh Selby,Kansas,26,11,20.4,2.8,7.4,.373,1.5,3.8,.384,1.3,3.6,.362,1.1,1.4,.757,0.4,1.8,2.2,2.2,0.8,0.0,2.0,7.9,7.62
Iman Shumpert,Georgia Tech,92,91,31.3,4.2,10.6,.396,3.0,6.7,.450,1.2,4.0,.305,3.1,4.1,.738,1.1,3.4,4.5,4.2,2.3,0.2,3.0,12.7,7.34
Xavier Silas,Northern Illinois,51,51,31.8,6.3,14.8,.421,4.2,9.2,.458,2.0,5.6,.361,6.5,7.8,.831,1.1,3.8,4.9,1.7,1.0,0.4,3.2,21.0,
Chris Singleton,Florida State,95,91,29.1,3.5,8.4,.419,2.4,5.1,.476,1.1,3.3,.330,2.1,3.5,.592,2.0,4.2,6.2,1.5,1.9,1.4,2.4,10.3,7.05
Donald Sloan,Texas A&M,138,103,28.0,3.8,8.8,.428,2.9,6.3,.464,0.8,2.5,.336,2.7,3.6,.732,0.5,2.7,3.3,2.7,0.6,0.1,1.9,11.0,7.13
Greg Smith,Delaware State,49,24,10.8,1.1,2.7,.391,0.9,2.5,.371,0.1,0.2,.667,0.2,0.3,.688,0.7,0.9,1.7,0.2,0.3,0.3,0.4,2.5,-6.19
Jerry Smith,Louisville,138,111,23.7,2.9,6.3,.454,1.4,2.4,.560,1.5,3.9,.389,1.4,2.0,.730,0.9,2.2,3.1,1.7,1.3,0.2,1.4,8.7,8.02
Nolan Smith,Duke,143,97,26.9,4.7,10.4,.448,3.5,7.3,.482,1.2,3.2,.368,2.9,3.6,.800,0.8,2.0,2.8,2.8,1.0,0.1,2.0,13.4,8.97
Greg Stiemsma,Wisconsin,95,7,10.0,1.1,2.0,.545,1.1,2.0,.553,0.0,0.0,.000,0.5,0.6,.759,0.7,1.6,2.3,0.8,0.2,1.0,0.7,2.7,7.63
Julyan Stone,UTEP,138,129,30.9,1.8,4.3,.425,1.5,2.9,.504,0.4,1.4,.265,1.8,2.9,.617,0.7,4.8,5.5,5.2,1.5,0.4,1.9,5.8,2.30
Isaiah Thomas,Washington,105,104,30.4,5.3,12.4,.426,3.7,7.6,.490,1.6,4.8,.325,4.3,6.0,.713,0.7,2.8,3.5,4.0,1.2,0.1,2.7,16.4,7.81
Lance Thomas,Duke,140,101,19.7,1.7,3.2,.525,1.7,3.2,.525,0.0,0.0,,1.3,2.1,.600,1.8,1.8,3.6,0.5,0.6,0.2,1.2,4.6,9.51
Malcolm Thomas,Louisiana-Monroe,39,29,26.5,3.8,9.9,.387,2.6,6.6,.390,1.3,3.3,.380,1.8,2.4,.772,1.4,2.7,4.1,0.7,1.1,0.3,1.7,10.8,-4.25
Trey Thompkins,Georgia,89,81,29.5,6.0,12.8,.469,5.1,10.3,.496,0.9,2.5,.357,2.8,3.8,.729,2.0,5.8,7.8,1.4,1.0,1.3,2.6,15.7,6.56
Klay Thompson,Washington State,98,96,34.4,6.1,14.4,.424,3.6,8.1,.450,2.5,6.3,.390,3.2,3.9,.827,0.9,3.9,4.8,2.6,1.3,0.8,2.9,17.9,6.32
Mychel Thompson,Pepperdine,128,114,29.1,3.8,10.7,.357,2.3,6.1,.380,1.5,4.6,.326,1.9,2.5,.760,1.3,3.0,4.3,1.6,1.1,0.6,1.7,11.0,1.05
Tristan Thompson,North Texas,128,99,25.5,3.6,8.2,.439,2.2,4.6,.472,1.4,3.6,.396,4.1,5.0,.816,0.6,2.1,2.8,1.3,0.6,0.1,1.7,12.7,-3.82
Edwin Ubiles,Siena,131,121,31.5,6.0,12.1,.497,5.2,9.8,.530,0.8,2.2,.353,2.0,3.0,.672,1.2,3.1,4.3,2.1,1.2,0.7,2.1,14.8,-1.63
Nikola Vucevic,USC,87,67,27.7,4.2,8.3,.509,3.8,6.9,.551,0.4,1.4,.303,2.2,2.9,.746,2.4,5.5,8.0,1.1,0.5,1.1,1.5,11.1,7.86
Kemba Walker,UConn,111,77,32.9,5.2,12.2,.428,4.1,8.7,.469,1.1,3.5,.326,4.5,5.8,.783,1.0,3.4,4.4,4.1,1.7,0.3,2.3,16.1,9.39
Derrick Williams,Birmingham-Southern,27,,,3.2,7.7,.418,1.3,3.1,.400,2.0,4.6,.431,2.7,3.4,.813,,,3.2,3.2,1.3,0.0,,11.1,-9.79
Elliot Williams,Memphis,34,34,33.3,5.2,11.4,.459,3.5,6.6,.527,1.8,4.8,.366,5.7,7.5,.758,0.7,3.2,4.0,3.8,1.3,0.1,2.9,17.9,
Jordan Williams,Maryland,66,64,28.6,5.1,9.7,.528,5.1,9.7,.528,0.0,0.0,,3.0,5.3,.559,3.3,6.9,10.2,0.4,0.7,1.2,1.3,13.2,6.85
Chris Wright,Dayton,123,116,27.0,4.8,9.8,.489,4.6,8.9,.515,0.2,0.9,.229,3.2,4.8,.662,2.4,4.8,7.2,1.2,0.8,1.3,2.5,13.0,3.66
Jeff Adrien,UConn,133,101,29.5,4.5,8.8,.515,4.5,8.7,.516,0.0,0.0,.333,3.0,4.9,.606,2.9,5.6,8.5,1.1,0.6,1.1,1.9,12.1,7.00
Solomon Alabi,Florida State,77,68,22.0,3.5,6.6,.534,3.5,6.6,.535,0.0,0.0,.000,2.1,2.9,.745,2.1,3.3,5.4,0.4,0.5,2.1,1.7,9.1,7.34
Cole Aldrich,Kansas,111,71,21.0,3.5,6.1,.574,3.5,6.1,.574,0.0,0.0,,2.3,3.2,.729,2.3,5.5,7.7,0.6,0.5,2.3,1.2,9.4,8.12
Al-Farouq Aminu,Wake Forest,62,60,30.1,5.0,10.6,.476,4.6,8.9,.522,0.4,1.7,.238,3.9,5.7,.687,3.3,6.1,9.4,1.4,1.2,1.3,2.9,14.4,8.10
James Anderson,BYU,87,1,6.3,0.7,1.4,.463,0.7,1.4,.463,0.0,0.0,,0.3,0.7,.390,0.5,0.7,1.3,0.2,0.1,0.4,0.2,1.6,4.30
Luke Babbitt,Nevada,68,68,34.9,6.5,13.6,.480,5.4,11.0,.494,1.1,2.6,.421,5.2,5.8,.893,2.0,6.2,8.1,1.8,0.9,0.8,2.1,19.4,1.98
Eric Bledsoe,Kentucky,37,35,30.3,3.9,8.4,.462,2.6,5.0,.516,1.3,3.5,.383,2.2,3.3,.667,0.5,2.6,3.1,2.9,1.4,0.3,3.0,11.3,6.82
Trevor Booker,Clemson,134,134,28.4,5.1,9.2,.559,5.0,8.6,.574,0.2,0.5,.324,2.4,3.9,.624,3.0,4.9,7.9,1.7,1.1,1.9,1.9,12.9,7.85
Craig Brackins,Iowa State,96,95,31.8,6.0,13.4,.445,5.2,10.9,.480,0.7,2.5,.292,3.4,4.7,.726,1.7,6.0,7.7,1.6,0.5,1.0,2.0,16.0,7.34
Avery Bradley,Texas,34,32,29.5,4.7,10.8,.432,3.4,7.5,.457,1.2,3.3,.375,1.1,1.9,.545,1.0,1.9,2.9,2.1,1.3,0.5,1.5,11.6,7.38
Derrick Caracter,UTEP,27,22,26.7,5.5,9.7,.567,5.3,9.1,.585,0.1,0.6,.267,3.0,4.4,.672,2.7,5.4,8.1,1.1,1.0,0.9,2.9,14.1,
Sherron Collins,Kansas,143,77,28.5,4.6,10.3,.444,3.0,6.0,.492,1.6,4.3,.377,2.4,3.0,.808,0.4,2.0,2.4,3.9,1.0,0.0,2.3,13.2,7.80
Marcus Cousin,Houston,62,32,22.4,2.8,5.6,.503,2.8,5.6,.504,0.0,0.0,.000,2.2,3.0,.735,2.1,4.2,6.3,0.5,0.4,1.5,0.8,7.9,
DeMarcus Cousins,Kentucky,38,37,23.5,5.4,9.7,.558,5.4,9.6,.565,0.0,0.2,.167,4.3,7.1,.604,4.1,5.8,9.8,1.0,1.0,1.8,2.1,15.1,6.82
Jordan Crawford,Xavier,35,34,32.8,7.4,16.1,.462,5.2,10.3,.501,2.3,5.8,.391,3.4,4.4,.773,1.0,3.8,4.7,2.9,1.3,0.2,2.4,20.5,
Ed Davis,UNC,61,25,22.2,3.4,6.3,.548,3.4,6.3,.548,0.0,0.0,,2.3,3.7,.623,2.4,5.3,7.7,0.7,0.4,2.1,1.4,9.2,9.09
Zabian Dowdell,Virginia Tech,122,118,34.0,5.1,11.9,.430,3.4,7.2,.471,1.7,4.7,.367,2.7,3.6,.745,0.7,2.6,3.2,3.1,2.0,0.2,2.2,14.6,5.77
Devin Ebanks,West Virginia,69,65,32.1,4.0,8.6,.463,3.9,7.6,.510,0.1,1.0,.114,3.1,4.2,.736,2.8,5.2,7.9,2.6,0.9,0.7,2.1,11.2,9.30
Jeremy Evans,Western Kentucky,134,130,23.5,3.2,5.0,.639,3.1,4.7,.654,0.1,0.2,.364,1.5,2.2,.684,2.4,3.5,5.9,0.5,0.6,1.7,1.0,7.9,-1.72
Patrick Ewing,,Georgetown,,143,101,30.8,6.0,9.7,.620,,,,,,,3.3,5.2,.635,9.2,0.9,1.2,3.4,2.3,15.3,5.82
Derrick Favors,Georgia Tech,36,35,27.5,5.0,8.1,.611,5.0,8.1,.613,0.0,0.0,.000,2.5,4.0,.629,3.0,5.4,8.4,1.0,0.9,2.1,2.5,12.4,9.02
Landry Fields,Stanford,129,65,23.6,3.9,8.4,.463,3.1,6.0,.510,0.8,2.3,.342,2.3,3.3,.676,1.6,3.5,5.0,1.6,0.9,0.4,1.5,10.8,7.35
Gary Forbes,UMass,69,59,31.2,5.6,13.4,.415,4.3,9.2,.466,1.3,4.2,.304,3.9,5.7,.690,1.7,5.0,6.7,2.8,1.0,0.6,2.8,16.3,
Paul George,Fresno State,63,63,33.9,5.1,11.4,.447,3.1,6.5,.485,1.9,4.9,.396,3.4,4.2,.803,1.9,4.8,6.7,2.4,2.0,0.9,2.7,15.5,1.13
Blake Griffin,Oklahoma,68,63,30.9,7.1,11.5,.618,7.1,11.4,.622,0.0,0.1,.300,4.5,7.7,.589,3.6,8.3,11.8,2.1,1.1,1.0,2.8,18.8,7.37
Luke Harangody,Notre Dame,129,108,29.2,7.3,15.3,.476,6.9,14.3,.486,0.3,1.0,.326,4.4,5.6,.782,3.0,6.5,9.5,1.6,0.8,0.7,1.8,19.2,6.73
Manny Harris,Michigan,98,97,34.0,5.3,13.1,.406,3.9,8.5,.453,1.4,4.6,.318,4.9,6.0,.827,1.6,4.1,5.7,3.7,1.5,0.4,3.2,17.0,9.04
Gordon Hayward,Butler,69,69,33.1,4.3,9.2,.470,2.6,4.6,.569,1.7,4.6,.369,4.1,4.9,.824,1.7,5.7,7.4,1.8,1.3,0.9,2.0,14.4,3.57
Lazar Hayward,Marquette,138,118,26.4,4.8,10.7,.452,3.6,7.3,.497,1.2,3.4,.357,2.6,3.3,.789,2.2,4.4,6.6,0.9,1.1,0.3,1.7,13.5,7.79
Xavier Henry,Kansas,36,36,27.5,4.5,9.8,.458,2.6,5.3,.492,1.9,4.6,.418,2.5,3.2,.783,1.2,3.2,4.4,1.5,1.5,0.5,1.9,13.4,8.25
Damion James,Texas,142,140,29.3,5.0,10.4,.479,4.2,8.4,.506,0.7,2.0,.364,2.8,4.4,.640,2.9,6.3,9.3,1.1,1.0,1.1,1.8,13.5,7.54
Armon Johnson,Nevada,101,99,32.7,5.4,11.6,.467,4.7,9.2,.514,0.7,2.4,.289,2.8,3.7,.750,0.8,2.9,3.7,4.4,0.8,0.2,2.7,14.3,1.28
Chris Johnson,Dayton,138,93,24.9,3.4,7.9,.427,1.7,3.3,.505,1.7,4.6,.371,2.1,2.6,.826,2.3,3.9,6.1,1.1,0.8,0.4,1.1,10.6,3.72
Wesley Johnson,Charleston Southern,52,8,8.8,0.5,1.0,.529,0.5,1.0,.529,0.0,0.0,,0.6,1.2,.508,0.7,0.8,1.5,0.1,0.2,0.3,0.3,1.6,-3.91
Dominique Jones,South Florida,95,94,36.5,6.2,14.1,.442,4.5,8.9,.512,1.7,5.2,.323,4.8,6.5,.737,1.5,3.9,5.4,3.5,1.5,0.4,2.6,18.9,7.32
Gani Lawal,Georgia Tech,99,91,24.3,4.5,8.2,.548,4.5,8.2,.550,0.0,0.0,.000,2.8,5.0,.552,2.7,4.5,7.2,0.4,0.6,1.3,2.1,11.8,8.64
Jeremy Lin,Harvard,115,87,29.2,4.4,9.1,.481,3.5,6.3,.547,0.9,2.8,.333,3.2,4.3,.733,0.9,3.4,4.3,3.5,2.0,0.6,2.9,12.9,-4.84
Greg Monroe,Georgetown,65,65,32.6,5.3,9.8,.543,5.2,9.3,.558,0.1,0.5,.273,3.7,5.5,.677,2.1,6.1,8.2,3.2,1.5,1.5,2.9,14.5,9.26
Hamady N'Diaye,Rutgers,124,85,22.1,2.2,4.0,.539,2.2,4.0,.542,0.0,0.0,.000,1.5,2.5,.592,1.8,3.7,5.5,0.4,0.4,2.9,1.4,5.8,6.36
Gary Neal,Towson,49,46,36.1,8.3,18.6,.446,5.1,9.8,.523,3.2,8.8,.360,5.9,7.2,.823,0.8,3.3,4.1,3.3,1.6,0.2,2.7,25.6,
Larry Owens,Oral Roberts,66,48,29.0,4.3,7.9,.545,3.9,6.7,.580,0.4,1.2,.346,1.8,3.2,.569,2.7,5.0,7.7,2.8,1.6,1.1,2.3,10.9,-2.20
Patrick Patterson,Kentucky,97,97,34.0,6.4,10.9,.585,6.1,10.1,.604,0.2,0.8,.329,3.2,4.3,.734,2.9,5.3,8.2,1.5,0.7,1.6,1.6,16.1,6.24
Dexter Pittman,Texas,134,59,12.2,2.5,4.0,.623,2.5,4.0,.623,0.0,0.0,,1.6,2.6,.601,2.0,1.9,3.9,0.3,0.2,0.9,1.1,6.6,7.54
Quincy Pondexter,Washington,136,102,27.3,4.8,9.5,.503,4.4,8.3,.528,0.4,1.2,.327,3.1,4.1,.768,2.4,3.2,5.6,1.7,0.8,0.3,1.9,13.1,7.55
Andy Rautins,Syracuse,127,65,24.4,2.8,7.1,.396,0.6,1.2,.506,2.2,5.9,.374,0.9,1.2,.763,0.4,2.2,2.6,2.7,1.4,0.2,1.7,8.8,7.83
Samardo Samuels,Louisville,70,70,27.1,4.8,8.8,.549,4.8,8.8,.549,0.0,0.0,.000,3.8,5.5,.689,2.9,3.0,5.9,1.1,0.6,1.2,2.3,13.5,8.20
Larry Sanders,VCU,101,82,23.5,4.1,7.9,.520,4.1,7.7,.526,0.0,0.2,.250,2.1,3.6,.577,2.5,5.2,7.7,0.5,0.6,2.7,1.5,10.3,-0.69
Mustafa Shakur,Arizona,131,129,31.0,3.4,7.6,.452,2.6,5.4,.490,0.8,2.2,.355,2.5,3.1,.786,0.7,3.0,3.7,5.1,1.2,0.1,3.0,10.1,8.88
Lance Stephenson,Cincinnati,34,32,28.2,4.8,10.8,.440,4.3,8.7,.495,0.5,2.1,.219,2.3,3.5,.664,1.9,3.5,5.4,2.5,0.9,0.2,2.4,12.3,8.45
Evan Turner,Ohio State,101,94,32.8,5.3,10.6,.502,4.8,9.1,.525,0.5,1.5,.362,3.8,5.0,.758,1.5,5.3,6.8,4.1,1.6,0.7,3.5,15.0,7.86
Ekpe Udoh,Baylor,36,36,35.1,5.3,10.8,.490,5.1,10.1,.505,0.2,0.7,.269,3.1,4.5,.685,3.6,6.2,9.8,2.7,0.8,3.7,2.4,13.9,
Ben Uzoh,Tulsa,141,140,32.3,4.7,10.3,.454,3.4,6.8,.508,1.2,3.5,.349,3.3,4.2,.782,1.2,3.8,5.0,3.0,1.1,0.7,2.4,13.8,2.63
Greivis Vasquez,Maryland,136,123,33.6,5.5,13.0,.425,3.8,7.9,.487,1.7,5.1,.329,3.2,3.9,.828,1.0,3.8,4.8,5.7,1.4,0.3,3.3,16.0,7.95
John Wall,Kentucky,37,37,34.8,5.5,11.8,.461,4.5,8.8,.509,1.0,3.1,.325,4.7,6.3,.754,0.8,3.5,4.3,6.5,1.8,0.5,4.0,16.6,6.82
Willie Warren,Oklahoma,57,53,31.7,4.9,10.6,.459,3.2,5.8,.550,1.7,4.9,.350,3.8,4.8,.788,0.6,2.1,2.6,3.5,1.1,0.1,2.8,15.2,7.33
Hassan Whiteside,Marshall,34,23,26.1,4.9,9.4,.524,4.8,9.2,.522,0.1,0.1,.600,3.2,5.5,.588,2.7,6.2,8.9,0.3,0.6,5.4,1.9,13.1,1.57
Antonio Anderson,Memphis,150,133,29.8,2.9,6.9,.418,2.0,3.9,.501,0.9,3.0,.308,1.8,2.8,.648,1.0,3.0,4.0,3.6,1.4,0.3,1.6,8.5,4.63
DeJuan Blair,Pitt,72,71,26.6,5.5,9.6,.568,5.5,9.6,.568,0.0,0.0,,2.7,4.3,.614,4.7,6.0,10.7,1.1,1.6,1.0,1.6,13.6,8.22
Jon Brockman,Washington,131,129,28.7,5.5,10.3,.534,5.5,10.3,.534,0.0,0.0,.000,2.8,4.6,.612,3.7,6.1,9.8,1.0,0.8,0.1,2.1,13.8,7.16
Derrick Brown,Xavier,106,72,25.0,3.7,6.5,.573,3.2,5.3,.610,0.5,1.2,.415,2.4,3.3,.718,1.9,3.7,5.6,1.5,0.7,0.8,1.6,10.3,4.50
Chase Budinger,Arizona,100,100,35.4,6.0,12.8,.469,4.1,7.8,.524,1.9,5.0,.383,3.1,4.0,.782,1.4,4.4,5.8,2.8,1.3,0.4,2.1,17.0,9.93
DeMarre Carroll,Missouri,70,68,26.8,5.8,10.6,.549,5.6,9.7,.570,0.3,0.9,.311,3.0,4.8,.624,2.6,4.3,6.9,1.8,1.4,0.7,1.5,14.9,
Earl Clark,Louisville,104,63,26.7,4.0,8.6,.467,3.5,6.8,.512,0.5,1.8,.298,2.0,3.2,.640,2.1,4.9,7.0,1.7,0.9,1.2,2.1,10.6,8.03
Darren Collison,UCLA,142,104,29.2,4.0,8.3,.475,2.8,5.7,.494,1.2,2.7,.435,2.5,2.9,.851,0.4,1.8,2.3,4.1,1.6,0.1,2.4,11.5,8.25
Dante Cunningham,Villanova,139,104,27.2,3.7,7.1,.524,3.7,7.0,.525,0.0,0.0,.333,2.2,3.2,.693,2.5,3.4,5.9,1.0,1.2,0.8,1.8,9.6,8.70
JamesOn Curry,Oklahoma State,101,83,32.0,4.7,10.7,.437,2.7,5.9,.464,2.0,4.8,.404,2.2,2.9,.758,0.5,2.4,2.9,3.5,1.0,0.2,2.8,13.5,7.56
Stephen Curry,Davidson,104,103,32.6,8.4,17.9,.467,4.4,8.3,.530,4.0,9.7,.412,4.6,5.3,.876,0.8,3.8,4.5,3.7,2.1,0.3,3.0,25.3,-1.31
Austin Daye,Gonzaga,67,34,22.5,4.1,8.6,.477,3.2,6.4,.495,0.9,2.2,.422,2.5,3.1,.790,0.9,4.9,5.8,1.0,0.7,1.9,1.9,11.6,2.85
DeMar DeRozan,USC,35,35,33.4,5.5,10.5,.523,5.3,9.5,.562,0.2,1.0,.167,2.7,4.2,.646,2.4,3.3,5.7,1.5,0.9,0.4,2.1,13.9,9.15
Toney Douglas,Florida State,99,95,33.8,5.7,12.6,.448,3.9,7.9,.491,1.8,4.8,.376,3.6,4.5,.806,0.8,2.5,3.3,2.9,1.9,0.3,2.6,16.7,
Wayne Ellington,UNC,115,112,28.5,5.4,11.6,.463,3.4,6.6,.513,2.0,5.0,.397,2.0,2.5,.809,1.1,3.0,4.1,2.2,0.9,0.1,1.5,14.7,8.59
Tyreke Evans,Memphis,37,35,29.0,6.2,13.6,.455,5.3,10.3,.514,0.9,3.4,.274,3.7,5.2,.711,1.3,4.1,5.4,3.9,2.1,0.8,3.6,17.1,4.63
Jonny Flynn,Syracuse,73,73,36.5,5.6,12.2,.460,4.2,8.1,.525,1.4,4.2,.333,4.0,5.1,.782,0.6,2.1,2.7,6.0,1.5,0.2,3.1,16.6,8.72
Sundiata Gaines,Georgia,123,123,31.7,4.1,10.0,.411,3.1,6.7,.464,1.0,3.3,.303,2.7,4.6,.591,1.9,3.6,5.5,3.9,2.1,0.2,2.6,11.9,6.88
Alonzo Gee,Alabama,128,104,28.6,4.7,10.4,.447,3.8,7.6,.491,0.9,2.8,.325,2.5,4.0,.632,2.4,3.3,5.7,1.3,1.2,0.4,2.1,12.7,6.00
Taj Gibson,USC,105,104,32.7,4.8,8.2,.580,4.8,8.2,.580,0.0,0.0,,2.9,4.6,.629,2.9,5.6,8.5,1.4,0.7,2.4,2.5,12.4,8.54
Trey Gilder,Northwestern State,60,32,22.7,5.0,10.1,.497,4.6,8.5,.540,0.4,1.6,.263,4.1,5.2,.782,1.9,3.0,4.9,1.5,1.3,0.6,2.5,14.5,
Danny Green,UNC,145,39,19.9,3.4,7.4,.455,2.1,4.1,.522,1.3,3.4,.375,1.4,1.6,.845,1.4,2.7,4.1,1.8,1.1,1.1,1.4,9.4,8.39
Taylor Griffin,Oklahoma,129,78,22.3,2.3,4.9,.468,2.2,4.5,.493,0.1,0.5,.220,1.9,2.6,.721,1.7,3.0,4.8,1.0,0.9,0.8,1.4,6.6,7.19
Tyler Hansbrough,UNC,142,141,30.9,6.6,12.3,.536,6.5,12.1,.541,0.1,0.3,.316,6.9,8.7,.791,3.4,5.2,8.6,1.1,1.3,0.5,2.1,20.2,8.39
James Harden,Arizona State,69,68,35.0,6.0,11.9,.506,4.6,8.0,.570,1.5,3.9,.376,5.4,7.2,.755,1.3,4.1,5.4,3.7,1.9,0.4,3.0,19.0,7.05
Gerald Henderson,2.5,0.2,3.1,2.7,16.1,,-5.87,VCU,,103,,32.9,6.6,13.8,.481,1.7,2.8,.627,3.2,2.5,2.1,0.3,4.2,15.0,-6.46
Jordan Hill,Arizona,97,79,27.0,5.1,8.8,.578,5.1,8.8,.578,0.0,0.0,,2.3,3.6,.636,2.8,5.1,7.9,0.8,0.5,1.4,2.0,12.5,9.93
Jrue Holiday,UCLA,35,35,27.1,3.2,7.1,.450,2.4,4.6,.528,0.8,2.5,.307,1.3,1.8,.726,1.3,2.5,3.8,3.7,1.6,0.5,2.1,8.5,7.18
Lester Hudson,UT-Martin,65,64,36.5,9.3,20.4,.456,5.8,10.8,.530,3.5,9.5,.372,4.4,5.2,.858,2.2,5.7,7.9,4.4,2.6,0.6,3.6,26.6,-5.64
Chris Hunter,Michigan,105,27,18.4,2.4,5.1,.464,2.0,4.1,.501,0.3,1.0,.318,1.9,2.5,.749,1.3,2.3,3.5,0.5,0.5,0.9,1.5,7.0,7.05
Cedric Jackson,Cleveland State,71,71,32.2,4.0,9.8,.405,2.9,6.6,.432,1.1,3.2,.350,3.2,4.9,.659,1.0,4.4,5.3,5.2,2.8,0.2,3.7,12.3,
Othyus Jeffers,UIC,63,62,32.6,5.1,10.6,.477,5.0,10.4,.482,0.0,0.2,.167,3.4,5.6,.607,3.4,4.7,8.1,2.8,1.3,0.4,2.8,13.5,0.45
Brandon Jennings,Fort Wayne,52,8,15.0,1.3,2.8,.448,1.0,2.0,.491,0.3,0.8,.333,0.5,0.7,.771,0.9,1.7,2.6,0.6,0.5,0.0,0.6,3.3,-0.63
James Johnson,Quinnipiac,127,127,33.7,4.6,11.9,.385,2.9,7.3,.394,1.7,4.6,.370,2.8,3.5,.792,0.8,2.7,3.5,3.8,1.5,0.1,2.2,13.6,-7.53
Oliver Lafayette,Houston,64,63,34.4,4.9,13.6,.359,2.4,5.8,.409,2.5,7.8,.322,2.7,3.8,.725,1.3,3.7,5.1,2.5,2.9,0.2,2.0,15.0,2.54
Marcus Landry,Wisconsin,121,75,25.0,3.5,7.2,.490,3.0,5.8,.523,0.5,1.5,.361,1.6,2.4,.670,1.5,2.7,4.2,1.2,0.6,0.8,1.5,9.2,7.34
Ty Lawson,UNC,105,95,27.0,4.4,8.5,.517,3.3,5.9,.568,1.1,2.6,.403,3.2,4.1,.780,0.6,2.3,2.9,5.8,1.8,0.1,2.1,13.1,8.59
Wesley Matthews,Marquette,127,118,30.2,4.0,9.1,.444,3.2,6.8,.480,0.8,2.3,.341,4.3,5.4,.799,1.6,3.4,4.9,2.1,1.2,0.3,2.2,13.2,7.77
Eric Maynor,VCU,130,104,30.7,5.0,11.2,.449,3.9,8.3,.477,1.1,3.0,.370,3.9,4.9,.791,0.5,2.9,3.4,5.2,1.3,0.2,2.4,15.0,-0.76
Jodie Meeks,Kentucky,81,42,27.7,4.8,10.9,.436,2.6,5.2,.491,2.2,5.7,.386,3.7,4.1,.890,0.7,2.4,3.0,1.6,1.1,0.1,1.8,15.4,7.77
A.J. Price,UConn,99,91,29.4,4.3,10.5,.413,2.7,6.1,.447,1.6,4.4,.365,2.7,3.7,.722,0.8,2.6,3.4,4.7,1.1,0.1,2.4,13.0,7.14
DaJuan Summers,Georgetown,101,98,27.6,3.6,8.3,.439,2.2,4.2,.522,1.4,4.1,.353,2.5,3.4,.727,1.3,3.1,4.4,1.3,1.0,0.6,2.2,11.2,8.56
Jermaine Taylor,UCF,122,60,25.8,5.8,12.5,.466,3.8,7.0,.536,2.1,5.5,.376,2.5,3.3,.764,1.5,2.3,3.9,1.4,0.9,0.4,2.2,16.2,0.56
Jeff Teague,Wake Forest,61,52,30.9,5.2,11.2,.462,3.9,8.2,.477,1.3,3.0,.421,4.8,5.9,.812,0.5,2.5,3.0,3.0,1.9,0.6,3.0,16.4,8.09
Garrett Temple,LSU,134,131,33.1,2.2,5.9,.371,1.3,2.9,.470,0.8,3.0,.278,1.5,1.9,.783,0.8,2.9,3.7,3.6,1.4,0.8,2.2,6.7,6.28
Hasheem Thabeet,UConn,100,99,29.3,3.6,5.9,.611,3.6,5.9,.611,0.0,0.0,,3.1,5.0,.625,3.0,5.4,8.5,0.4,0.4,4.2,1.8,10.3,7.14
Marcus Thornton,LSU,66,65,32.7,7.1,15.6,.455,4.5,8.9,.510,2.5,6.7,.382,3.7,4.8,.771,2.0,3.5,5.5,1.8,1.5,0.3,2.0,20.4,4.46
Reggie Williams,Georgetown,138,75,29.2,5.9,12.0,.490,6.1,11.4,.532,2.3,5.9,.386,3.1,4.0,.768,,,6.4,2.4,1.5,0.5,2.3,15.3,6.58
Terrence Williams,Louisville,140,127,32.2,4.1,10.3,.400,2.7,6.0,.457,1.4,4.4,.320,1.5,2.6,.589,1.5,5.5,6.9,3.9,1.5,0.6,2.4,11.2,7.65
Sam Young,Pitt,143,78,25.5,5.0,10.1,.498,4.2,7.8,.539,0.8,2.3,.356,2.4,3.4,.692,1.8,3.2,5.0,1.0,0.8,0.8,1.9,13.2,8.00
Joe Alexander,West Virginia,82,70,25.3,4.5,10.0,.447,3.9,7.9,.488,0.6,2.1,.295,2.5,3.3,.765,1.5,3.3,4.8,2.0,0.6,1.2,1.8,12.1,7.04
Ryan Anderson,California,66,66,33.0,6.3,13.1,.484,4.5,8.5,.532,1.8,4.7,.396,4.2,5.0,.841,2.7,6.3,9.0,1.0,0.5,0.5,1.8,18.7,8.56
Darrell Arthur,Kansas,78,46,21.9,4.7,8.7,.541,4.7,8.5,.552,0.0,0.2,.118,1.8,2.7,.676,2.2,3.3,5.5,0.6,0.7,1.4,1.6,11.3,7.53
D.J. Augustin,Texas,73,73,36.5,5.4,12.2,.443,3.8,8.2,.463,1.6,4.1,.402,4.4,5.5,.808,0.6,2.3,2.9,6.2,1.4,0.0,3.0,16.9,7.35
Jerryd Bayless,Arizona,30,30,35.7,5.8,12.6,.458,3.8,7.8,.489,2.0,4.8,.407,6.2,7.4,.839,0.4,2.3,2.7,4.0,1.0,0.1,3.0,19.7,10.22
Michael Beasley,Kansas State,33,33,31.5,9.3,17.5,.532,8.2,14.6,.562,1.1,2.9,.379,6.5,8.5,.774,4.0,8.4,12.4,1.2,1.3,1.6,2.9,26.2,7.79
Bobby Brown,Cal State Fullerton,116,103,34.2,6.0,13.9,.428,3.3,6.9,.480,2.6,7.0,.377,2.3,2.9,.789,0.5,2.0,2.5,4.4,1.3,0.1,3.1,16.9,-2.50
Mario Chalmers,Kansas,110,96,28.5,4.0,8.3,.486,2.4,4.4,.545,1.6,3.9,.419,2.5,3.2,.767,0.3,2.5,2.8,3.8,2.6,0.4,2.4,12.2,7.56
Joe Crawford,Kentucky,127,76,25.3,4.0,9.2,.438,2.6,5.0,.512,1.5,4.2,.350,1.8,2.6,.702,1.2,2.2,3.4,1.5,0.5,0.2,1.6,11.3,8.87
Joey Dorsey,Memphis,149,112,21.7,2.7,4.4,.614,2.7,4.4,.614,0.0,0.0,,1.3,3.1,.420,3.4,4.7,8.1,0.5,1.1,1.8,1.3,6.7,4.83
Chris Douglas-Roberts,Memphis,109,100,26.1,5.1,9.4,.540,4.4,7.6,.579,0.7,1.8,.372,3.3,4.6,.725,1.2,2.4,3.7,1.7,1.0,0.4,2.0,14.2,4.64
J.R. Giddens,New Mexico,59,55,31.3,6.2,12.9,.481,5.1,9.3,.545,1.1,3.6,.313,2.6,4.4,.588,1.5,6.3,7.8,2.8,1.2,0.9,2.4,16.1,
Eric Gordon,Indiana,32,32,34.7,5.8,13.3,.433,3.6,6.8,.525,2.2,6.5,.337,7.2,8.7,.834,0.7,2.5,3.3,2.4,1.3,0.6,3.6,20.9,6.08
Donte Greene,Syracuse,35,35,35.8,6.2,14.9,.418,3.7,7.4,.492,2.6,7.5,.345,2.7,3.8,.707,1.7,5.5,7.2,2.0,1.3,1.6,2.6,17.7,7.96
Malik Hairston,Oregon,117,115,31.2,5.2,10.4,.504,4.0,7.2,.551,1.2,3.1,.395,2.4,3.7,.643,2.0,3.1,5.1,2.1,0.6,0.6,2.0,14.1,6.87
Roy Hibbert,Georgetown,136,121,23.3,4.2,7.0,.603,4.2,7.0,.602,0.0,0.0,1.000,2.4,3.5,.680,2.3,3.7,5.9,1.3,0.4,1.9,1.5,10.9,7.54
J.J. Hickson,NC State,31,26,28.7,5.3,8.9,.591,5.3,8.9,.593,0.0,0.0,.000,4.3,6.3,.677,2.6,5.9,8.5,1.0,0.7,1.5,2.7,14.8,9.06
George Hill,IUPUI,95,87,33.3,5.6,10.7,.529,4.7,8.3,.565,0.9,2.3,.404,4.8,6.1,.785,1.9,3.8,5.8,3.3,1.6,0.3,2.5,17.0,-3.26
Steven Hill,Arkansas,132,106,19.5,1.7,2.9,.589,1.7,2.9,.591,0.0,0.0,.000,0.6,1.2,.519,1.2,2.1,3.3,0.3,0.7,2.4,1.0,4.0,6.31
Othello Hunter,Ohio State,76,45,22.2,3.3,5.6,.583,3.2,5.4,.591,0.1,0.2,.308,1.2,2.0,.603,2.3,3.1,5.5,0.6,0.5,1.3,1.0,7.8,8.50
Darnell Jackson,Kansas,125,39,16.6,2.5,4.3,.580,2.5,4.2,.583,0.0,0.0,.333,1.8,2.6,.685,1.7,3.2,4.9,0.5,0.5,0.4,1.0,6.8,8.38
Dontell Jefferson,Arkansas,62,28,19.8,1.2,3.0,.389,0.9,1.9,.450,0.3,1.0,.277,1.0,1.5,.670,0.5,2.1,2.6,3.3,1.1,0.3,2.0,3.6,4.88
Trey Johnson,Jackson State,67,66,36.4,8.4,19.6,.431,6.3,13.8,.455,2.2,5.8,.375,6.3,8.4,.746,1.5,3.2,4.7,2.4,1.2,0.1,3.2,25.3,
DeAndre Jordan,Texas A&M,35,21,20.1,3.2,5.2,.617,3.2,5.2,.617,0.0,0.0,,1.5,3.4,.437,1.9,4.1,6.0,0.4,0.2,1.3,1.6,7.9,7.46
Kosta Koufos,Ohio State,37,35,27.1,6.0,11.8,.508,5.4,10.1,.535,0.6,1.7,.349,1.8,2.7,.680,2.6,4.0,6.7,0.5,0.4,1.8,1.5,14.4,7.97
Rob Kurz,Notre Dame,108,75,23.3,2.8,6.0,.468,2.1,4.4,.490,0.7,1.6,.409,3.1,3.8,.810,2.0,4.0,6.0,1.3,0.6,1.1,1.5,9.4,6.22
Courtney Lee,Western Kentucky,127,127,31.2,6.3,13.6,.464,4.4,8.8,.498,1.9,4.8,.401,3.1,3.7,.817,1.7,3.5,5.2,2.2,1.9,0.6,2.5,17.6,-1.08
Brook Lopez,Stanford,53,43,28.0,6.1,12.7,.480,6.1,12.3,.491,0.1,0.4,.143,3.7,4.9,.764,2.3,4.8,7.1,1.1,0.5,1.9,2.1,16.0,8.00
Robin Lopez,Stanford,67,61,24.3,3.5,6.9,.511,3.5,6.9,.511,0.0,0.0,.500,1.9,3.1,.612,2.6,3.1,5.6,0.8,0.3,2.3,1.6,9.0,8.00
Kevin Love,UCLA,39,38,29.6,5.8,10.4,.559,5.1,8.3,.611,0.7,2.1,.354,5.1,6.6,.767,3.6,7.0,10.6,1.9,0.7,1.4,2.0,17.5,7.71
Cartier Martin,Kansas State,112,77,27.6,4.6,10.1,.458,3.0,6.1,.497,1.6,4.0,.399,2.9,3.8,.780,1.7,3.1,4.8,1.5,0.7,0.2,1.7,13.8,6.11
O.J. Mayo,USC,33,32,36.8,7.2,16.2,.442,4.5,9.7,.464,2.7,6.5,.409,3.7,4.6,.803,1.1,3.5,4.5,3.3,1.5,0.4,3.5,20.7,8.59
JaVale McGee,Nevada,66,31,18.7,3.5,6.5,.542,3.3,5.9,.563,0.2,0.7,.356,1.4,2.7,.514,1.7,3.0,4.8,0.3,0.5,1.8,1.6,8.7,0.49
Anthony Morrow,Georgia Tech,123,70,23.6,3.8,8.8,.437,1.7,3.8,.458,2.1,5.0,.421,1.6,1.8,.867,1.2,2.0,3.3,1.0,0.8,0.2,1.1,11.4,8.60
DeMarcus Nelson,Duke,124,74,26.2,3.8,8.2,.466,2.8,5.5,.511,1.0,2.7,.373,2.1,3.7,.586,1.4,3.5,4.9,1.8,1.2,0.3,2.1,10.8,9.64
Greg Oden,Ohio State,32,31,28.9,5.9,9.6,.616,5.9,9.6,.616,0.0,0.0,,3.8,6.1,.628,3.5,6.0,9.6,0.7,0.6,3.3,2.0,15.7,9.03
Anthony Randolph,LSU,31,31,32.8,5.9,12.7,.464,5.8,12.1,.483,0.1,0.6,.105,3.7,5.4,.693,2.8,5.7,8.5,1.2,1.1,2.3,3.0,15.6,5.66
Derrick Rose,Memphis,40,39,29.2,5.2,10.9,.477,4.3,8.3,.521,0.9,2.6,.337,3.7,5.1,.712,1.4,3.2,4.5,4.7,1.2,0.4,2.7,14.9,5.76
Brandon Rush,Kansas,109,101,31.3,4.9,10.9,.449,3.0,6.6,.458,1.9,4.3,.435,1.8,2.5,.733,1.5,4.0,5.5,2.0,0.7,0.8,2.1,13.6,7.56
Walter Sharpe,Alabama-Birmingham,12,10,24.9,5.7,10.8,.523,5.7,10.6,.535,0.0,0.3,.000,2.8,5.4,.523,1.8,5.0,6.8,1.7,1.2,1.8,2.8,14.2,
Sean Singletary,Virginia,123,123,32.8,5.2,12.9,.406,3.4,7.9,.433,1.8,5.0,.362,4.7,5.5,.846,1.0,3.0,4.0,4.8,1.6,0.1,3.3,16.9,7.98
Marreese Speights,Florida,69,36,15.4,4.0,6.2,.633,4.0,6.2,.633,0.0,0.0,,1.6,2.3,.688,1.9,3.6,5.4,0.5,0.3,0.9,1.1,9.5,6.16
Mike Taylor,Iowa State,31,30,35.0,5.3,14.2,.376,2.8,7.3,.391,2.5,6.9,.360,2.8,4.2,.682,0.7,3.4,4.1,4.5,1.1,0.1,5.4,16.0,5.19
Jason Thompson,Rider,122,112,32.1,6.2,11.8,.526,6.0,11.0,.544,0.2,0.8,.291,4.0,6.0,.667,3.0,6.6,9.6,2.0,0.9,1.9,2.6,16.7,-3.38
Anthony Tolliver,Creighton,124,93,21.5,2.9,5.8,.491,2.7,5.3,.506,0.2,0.5,.333,2.2,3.3,.671,1.8,3.1,4.9,1.1,0.6,1.1,1.4,8.1,4.21
Kyle Weaver,Washington State,121,103,29.8,3.3,7.2,.464,3.0,5.9,.505,0.4,1.3,.277,2.6,3.6,.716,1.3,3.4,4.7,3.8,1.6,0.8,2.6,9.6,6.88
Sonny Weems,Arkansas,69,66,31.2,5.2,11.0,.473,3.8,7.3,.527,1.3,3.7,.366,1.6,2.1,.767,1.6,3.0,4.6,2.3,1.3,0.3,2.7,13.3,7.74
Russell Westbrook,UCLA,75,35,21.9,3.1,6.6,.464,2.6,5.3,.491,0.5,1.3,.354,1.7,2.4,.685,0.9,1.5,2.4,2.5,1.0,0.1,1.6,8.3,8.77
D.J. White,Indiana,99,97,30.6,5.5,9.8,.562,5.5,9.8,.563,0.0,0.0,.333,3.5,5.1,.690,2.4,5.1,7.6,0.9,0.7,2.0,1.7,14.6,7.95
Jawad Williams,UNC,128,105,27.0,4.6,9.5,.487,3.6,6.7,.544,1.0,2.8,.349,2.5,3.5,.724,1.8,3.0,4.8,1.5,0.7,0.7,1.6,12.7,10.88
