,Player,Position,MP,FG,FGA,FG%,3P,3PA,3P%,2P,2PA,2P%,FT,FTA,FT%,ORB,DRB,TRB,AST,STL,BLK,TOV,PF,PTS,eFGP,PER,WS
0,Alex Abrines,Forward,17.2,2.4,5.2,.463,1.4,3.3,.423,1.0,2.0,.423,1.0,1.2,.841,0.4,1.2,1.7,0.8,0.6,0.3,0.6,1.8,7.3,0,0,0
1,Alexey Shved,Guard,17.2,2.4,5.2,.463,1.4,3.3,.423,1.0,2.0,.423,1.0,1.2,.841,0.4,1.2,1.7,0.8,0.6,0.3,0.6,1.8,7.3,0,0,0
2,Alexis Ajinca,Center,19.9,4.5,8.2,.544,0.2,0.6,.293,4.3,7.6,.293,2.6,3.3,.776,1.8,3.4,5.2,1.0,0.7,1.4,2.2,2.8,11.7,0,0,0
3,Andrew White,Center,19.9,4.5,8.2,.544,0.2,0.6,.293,4.3,7.6,.293,2.6,3.3,.776,1.8,3.4,5.2,1.0,0.7,1.4,2.2,2.8,11.7,0,0,0
4,Anfernee Simons,Center,19.9,4.5,8.2,.544,0.2,0.6,.293,4.3,7.6,.293,2.6,3.3,.776,1.8,3.4,5.2,1.0,0.7,1.4,2.2,2.8,11.7,0,0,0
5,Angel Delgado,Center,19.9,4.5,8.2,.544,0.2,0.6,.293,4.3,7.6,.293,2.6,3.3,.776,1.8,3.4,5.2,1.0,0.7,1.4,2.2,2.8,11.7,0,0,0
6,Ante Zizic,"Born:

    January 4, 1997",19.9,4.5,8.2,.544,0.2,0.6,.293,4.3,7.6,.293,2.6,3.3,.776,1.8,3.4,5.2,1.0,0.7,1.4,2.2,2.8,11.7,0,0,0
7,Axel Toupane,Forward,17.1,2.1,4.6,.464,0.7,2.0,.353,1.4,2.6,.353,0.8,1.0,.766,0.2,2.0,2.2,0.9,0.8,0.1,0.7,1.9,5.7,0,0,0
8,Bam Adebayo,Forward,17.1,2.1,4.6,.464,0.7,2.0,.353,1.4,2.6,.353,0.8,1.0,.766,0.2,2.0,2.2,0.9,0.8,0.1,0.7,1.9,5.7,0,0,0
9,Bernard James,,17.1,2.1,4.6,.464,0.7,2.0,.353,1.4,2.6,.353,0.8,1.0,.766,0.2,2.0,2.2,0.9,0.8,0.1,0.7,1.9,5.7,0,0,0
10,Bismack Biyombo,Forward,17.1,2.3,4.1,.552,0.0,0.0,0,2.3,4.1,0,1.9,3.4,.553,1.9,3.1,5.1,0.3,0.4,2.3,1.7,2.0,6.4,0,0,0
11,Boban Marjanovic,Center,17.1,2.3,4.1,.552,0.0,0.0,0,2.3,4.1,0,1.9,3.4,.553,1.9,3.1,5.1,0.3,0.4,2.3,1.7,2.0,6.4,0,0,0
12,Bogdan Bogdanovic,Guard,17.1,2.3,4.1,.552,0.0,0.0,0,2.3,4.1,0,1.9,3.4,.553,1.9,3.1,5.1,0.3,0.4,2.3,1.7,2.0,6.4,0,0,0
13,Bojan Bogdanovic,"6-7, 216lb (201cm, 97kg)",5.6,0.1,1.0,.143,0.1,1.0,.143,0.0,0.0,.143,0.6,0.6,1.000,0.3,0.1,0.4,0.1,0.3,0.0,0.4,1.3,1.0,0,0,0
14,Bruno Caboclo,"6-7, 216lb (201cm, 97kg)",5.6,0.1,1.0,.143,0.1,1.0,.143,0.0,0.0,.143,0.6,0.6,1.000,0.3,0.1,0.4,0.1,0.3,0.0,0.4,1.3,1.0,0,0,0
15,Bryce Dejean-Jones,"6-7, 216lb (201cm, 97kg)",5.6,0.1,1.0,.143,0.1,1.0,.143,0.0,0.0,.143,0.6,0.6,1.000,0.3,0.1,0.4,0.1,0.3,0.0,0.4,1.3,1.0,0,0,0
16,Byron Mullens,"6-7, 216lb (201cm, 97kg)",5.6,0.1,1.0,.143,0.1,1.0,.143,0.0,0.0,.143,0.6,0.6,1.000,0.3,0.1,0.4,0.1,0.3,0.0,0.4,1.3,1.0,0,0,0
17,Cedi Osman,Forward,5.6,0.1,1.0,.143,0.1,1.0,.143,0.0,0.0,.143,0.6,0.6,1.000,0.3,0.1,0.4,0.1,0.3,0.0,0.4,1.3,1.0,0,0,0
18,Christian Eyenga,Forward,5.6,0.1,1.0,.143,0.1,1.0,.143,0.0,0.0,.143,0.6,0.6,1.000,0.3,0.1,0.4,0.1,0.3,0.0,0.4,1.3,1.0,0,0,0
19,Clint Capela,Forward,17.9,3.4,5.3,.635,0.0,0.0,.000,3.4,5.3,.000,1.2,2.1,.551,2.3,3.7,6.0,0.9,0.6,1.3,1.2,1.9,7.9,0,0,0
20,Cristiano Felicio,Forward,17.9,3.4,5.3,.635,0.0,0.0,.000,3.4,5.3,.000,1.2,2.1,.551,2.3,3.7,6.0,0.9,0.6,1.3,1.2,1.9,7.9,0,0,0
21,Dairis Bertans,Guard,21.9,3.1,7.3,.433,1.7,4.4,.383,1.5,2.9,.383,1.7,2.1,.799,0.3,0.9,1.2,1.3,0.5,0.0,0.9,2.4,9.7,0,0,0
22,Damien Inglis,"Born:

    May 20, 1995
    

    
      in Caienna, Guinea
    
  
gn",16.8,2.1,4.7,.442,0.4,1.2,.360,1.7,3.5,.360,0.9,1.2,.716,0.7,2.8,3.5,1.5,0.7,0.1,1.5,1.7,5.5,0,0,0
23,Damjan Rudez,Forward,19.6,3.0,6.6,.460,1.5,3.6,.422,1.5,3.0,.422,0.8,1.0,.810,0.3,1.4,1.7,1.3,0.4,0.1,1.0,2.1,8.3,0,0,0
24,Daniel Theis,Center,19.6,3.0,6.6,.460,1.5,3.6,.422,1.5,3.0,.422,0.8,1.0,.810,0.3,1.4,1.7,1.3,0.4,0.1,1.0,2.1,8.3,0,0,0
25,Danilo Gallinari,Forward,28.6,3.9,8.7,.447,1.2,3.5,.351,2.7,5.2,.351,4.6,5.5,.844,1.2,3.7,4.8,1.2,1.8,0.4,1.4,2.6,13.6,0,0,0
26,Dante Exum,Forward,28.6,3.9,8.7,.447,1.2,3.5,.351,2.7,5.2,.351,4.6,5.5,.844,1.2,3.7,4.8,1.2,1.8,0.4,1.4,2.6,13.6,0,0,0
27,Dario Saric,Forward,28.6,3.9,8.7,.447,1.2,3.5,.351,2.7,5.2,.351,4.6,5.5,.844,1.2,3.7,4.8,1.2,1.8,0.4,1.4,2.6,13.6,0,0,0
28,David Andersen,Center,28.6,3.9,8.7,.447,1.2,3.5,.351,2.7,5.2,.351,4.6,5.5,.844,1.2,3.7,4.8,1.2,1.8,0.4,1.4,2.6,13.6,0,0,0
29,Davis Bertans,Forward,23.1,3.6,8.0,.450,2.4,5.6,.429,1.2,2.4,.429,1.1,1.3,.880,0.6,2.5,3.0,0.9,0.7,0.6,0.9,3.0,10.7,0,0,0
30,Dennis Schroder,Forward,23.1,3.6,8.0,.450,2.4,5.6,.429,1.2,2.4,.429,1.1,1.3,.880,0.6,2.5,3.0,0.9,0.7,0.6,0.9,3.0,10.7,0,0,0
31,Devyn Marble,"Born:

    September 21, 1992
    

    
      in Flint, Michigan
    
  
us",25.2,4.0,10.1,.391,1.2,4.2,.279,2.8,6.0,.279,2.2,2.8,.771,0.6,2.4,3.0,1.8,1.0,0.1,1.5,2.1,11.2,0,0,0
32,Donatas Motiejunas,Forward,25.2,4.0,10.1,.391,1.2,4.2,.279,2.8,6.0,.279,2.2,2.8,.771,0.6,2.4,3.0,1.8,1.0,0.1,1.5,2.1,11.2,0,0,0
33,Donte Greene,,25.2,4.0,10.1,.391,1.2,4.2,.279,2.8,6.0,.279,2.2,2.8,.771,0.6,2.4,3.0,1.8,1.0,0.1,1.5,2.1,11.2,0,0,0
34,Dragan Bender,Forward,25.2,4.0,10.1,.391,1.2,4.2,.279,2.8,6.0,.279,2.2,2.8,.771,0.6,2.4,3.0,1.8,1.0,0.1,1.5,2.1,11.2,0,0,0
35,Dzanan Musa,Guard,25.2,4.0,10.1,.391,1.2,4.2,.279,2.8,6.0,.279,2.2,2.8,.771,0.6,2.4,3.0,1.8,1.0,0.1,1.5,2.1,11.2,0,0,0
36,Edy Tavares,Guard,25.2,4.0,10.1,.391,1.2,4.2,.279,2.8,6.0,.279,2.2,2.8,.771,0.6,2.4,3.0,1.8,1.0,0.1,1.5,2.1,11.2,0,0,0
37,Elie Okobo,"Born:

    October 23, 1997",19.8,3.2,6.9,.464,1.3,3.5,.385,1.9,3.4,.385,1.3,1.6,.823,0.5,1.9,2.3,3.3,0.7,0.2,1.8,1.8,9.1,0,0,0
38,Emanuel Terry,"Born:

    October 23, 1997",19.8,3.2,6.9,.464,1.3,3.5,.385,1.9,3.4,.385,1.3,1.6,.823,0.5,1.9,2.3,3.3,0.7,0.2,1.8,1.8,9.1,0,0,0
39,Emmanuel Mudiay,,19.8,3.2,6.9,.464,1.3,3.5,.385,1.9,3.4,.385,1.3,1.6,.823,0.5,1.9,2.3,3.3,0.7,0.2,1.8,1.8,9.1,0,0,0
40,Enes Kanter,Center,19.8,3.2,6.9,.464,1.3,3.5,.385,1.9,3.4,.385,1.3,1.6,.823,0.5,1.9,2.3,3.3,0.7,0.2,1.8,1.8,9.1,0,0,0
41,Eric Dawson,Center,24.8,4.7,9.2,.505,0.1,0.2,.429,4.6,9.0,.429,1.6,2.4,.654,2.4,5.2,7.6,2.4,1.5,0.5,2.5,2.6,11.0,0,0,0
42,Eugene Jeter,Center,24.8,4.7,9.2,.505,0.1,0.2,.429,4.6,9.0,.429,1.6,2.4,.654,2.4,5.2,7.6,2.4,1.5,0.5,2.5,2.6,11.0,0,0,0
43,Evan Fournier,Guard,20.3,3.7,8.5,.431,0.8,3.1,.262,2.9,5.4,.262,2.1,2.7,.778,0.9,1.7,2.6,1.4,1.1,0.1,1.5,2.6,10.3,0,0,0
44,Frank Ntilikina,Guard,13.9,1.3,3.0,.448,0.4,1.1,.409,0.9,1.9,.409,0.4,0.6,.658,0.6,0.9,1.4,1.1,0.5,0.1,0.6,1.9,3.5,0,0,0
45,Fred VanVleet,Guard,13.9,1.3,3.0,.448,0.4,1.1,.409,0.9,1.9,.409,0.4,0.6,.658,0.6,0.9,1.4,1.1,0.5,0.1,0.6,1.9,3.5,0,0,0
46,Furkan Aldemir,Center,13.9,1.3,3.0,.448,0.4,1.1,.409,0.9,1.9,.409,0.4,0.6,.658,0.6,0.9,1.4,1.1,0.5,0.1,0.6,1.9,3.5,0,0,0
47,Furkan Korkmaz,Guard,13.9,1.3,3.0,.448,0.4,1.1,.409,0.9,1.9,.409,0.4,0.6,.658,0.6,0.9,1.4,1.1,0.5,0.1,0.6,1.9,3.5,0,0,0
48,Garret Siler,,13.9,1.3,3.0,.448,0.4,1.1,.409,0.9,1.9,.409,0.4,0.6,.658,0.6,0.9,1.4,1.1,0.5,0.1,0.6,1.9,3.5,0,0,0
49,Georgios Papagiannis,,13.9,1.3,3.0,.448,0.4,1.1,.409,0.9,1.9,.409,0.4,0.6,.658,0.6,0.9,1.4,1.1,0.5,0.1,0.6,1.9,3.5,0,0,0
50,Gerald Henderson,,13.9,1.3,3.0,.448,0.4,1.1,.409,0.9,1.9,.409,0.4,0.6,.658,0.6,0.9,1.4,1.1,0.5,0.1,0.6,1.9,3.5,0,0,0
51,Giannis Antetokounmpo,,13.9,1.3,3.0,.448,0.4,1.1,.409,0.9,1.9,.409,0.4,0.6,.658,0.6,0.9,1.4,1.1,0.5,0.1,0.6,1.9,3.5,0,0,0
52,Goran Dragic,Guard,15.4,1.7,4.4,.375,0.4,1.3,.316,1.2,3.1,.316,0.8,1.2,.657,0.7,1.2,1.8,1.6,0.7,0.1,1.5,2.2,4.5,0,0,0
53,Greivis Vasquez,Guard,15.4,1.7,4.4,.375,0.4,1.3,.316,1.2,3.1,.316,0.8,1.2,.657,0.7,1.2,1.8,1.6,0.7,0.1,1.5,2.2,4.5,0,0,0
54,Guerschon Yabusele,"Born:

    December 17, 1995",15.4,1.7,4.4,.375,0.4,1.3,.316,1.2,3.1,.316,0.8,1.2,.657,0.7,1.2,1.8,1.6,0.7,0.1,1.5,2.2,4.5,0,0,0
55,Gustavo Ayon,Forward,20.6,3.9,6.0,.646,0.0,0.0,.000,3.9,6.0,.000,1.2,2.0,.633,1.9,4.2,6.0,1.8,1.1,0.8,1.5,2.4,9.0,0,0,0
56,Hamed Haddadi,,20.6,3.9,6.0,.646,0.0,0.0,.000,3.9,6.0,.000,1.2,2.0,.633,1.9,4.2,6.0,1.8,1.1,0.8,1.5,2.4,9.0,0,0,0
57,Haywood Highsmith,,20.6,3.9,6.0,.646,0.0,0.0,.000,3.9,6.0,.000,1.2,2.0,.633,1.9,4.2,6.0,1.8,1.1,0.8,1.5,2.4,9.0,0,0,0
58,Henry Walker,Guard,20.6,3.9,6.0,.646,0.0,0.0,.000,3.9,6.0,.000,1.2,2.0,.633,1.9,4.2,6.0,1.8,1.1,0.8,1.5,2.4,9.0,0,0,0
59,Isaac Bonga,Guard,20.6,3.9,6.0,.646,0.0,0.0,.000,3.9,6.0,.000,1.2,2.0,.633,1.9,4.2,6.0,1.8,1.1,0.8,1.5,2.4,9.0,0,0,0
60,Isaiah Hartenstein,"Born:

    May 5, 1998",20.6,3.9,6.0,.646,0.0,0.0,.000,3.9,6.0,.000,1.2,2.0,.633,1.9,4.2,6.0,1.8,1.1,0.8,1.5,2.4,9.0,0,0,0
61,Ish Smith,"Born:

    May 5, 1998",20.6,3.9,6.0,.646,0.0,0.0,.000,3.9,6.0,.000,1.2,2.0,.633,1.9,4.2,6.0,1.8,1.1,0.8,1.5,2.4,9.0,0,0,0
62,Ivica Zubac,"Born:

    May 5, 1998",20.6,3.9,6.0,.646,0.0,0.0,.000,3.9,6.0,.000,1.2,2.0,.633,1.9,4.2,6.0,1.8,1.1,0.8,1.5,2.4,9.0,0,0,0
63,Jan Vesely,Forward,20.6,3.9,6.0,.646,0.0,0.0,.000,3.9,6.0,.000,1.2,2.0,.633,1.9,4.2,6.0,1.8,1.1,0.8,1.5,2.4,9.0,0,0,0
64,Jaylen Morris,Forward,20.6,3.9,6.0,.646,0.0,0.0,.000,3.9,6.0,.000,1.2,2.0,.633,1.9,4.2,6.0,1.8,1.1,0.8,1.5,2.4,9.0,0,0,0
65,Jeff Ayres,"Born:

    April 29, 1987",20.6,3.9,6.0,.646,0.0,0.0,.000,3.9,6.0,.000,1.2,2.0,.633,1.9,4.2,6.0,1.8,1.1,0.8,1.5,2.4,9.0,0,0,0
66,Jeremy Tyler,,20.6,3.9,6.0,.646,0.0,0.0,.000,3.9,6.0,.000,1.2,2.0,.633,1.9,4.2,6.0,1.8,1.1,0.8,1.5,2.4,9.0,0,0,0
67,Joe Ingles,Forward,21.4,2.6,5.9,.445,1.2,3.1,.373,1.5,2.8,.373,1.6,2.2,.729,0.3,2.1,2.5,1.9,0.9,0.2,1.7,1.9,8.0,0,0,0
68,Joel Freeland,"Born:

    February 7, 1987",19.4,4.2,7.4,.563,0.1,0.4,.296,4.1,7.0,.296,1.4,2.0,.708,1.6,3.2,4.8,0.6,0.7,0.7,1.4,2.1,9.9,0,0,0
69,Joffrey Lauvergne,Center,13.6,2.0,4.4,.452,0.2,1.0,.253,1.8,3.5,.253,0.9,1.4,.672,1.1,2.3,3.5,0.5,0.5,0.3,1.0,1.9,5.2,0,0,0
70,Jonas Jerebko,Forward,20.5,2.8,5.5,.509,0.5,1.6,.313,2.3,4.0,.313,0.8,1.1,.736,1.8,2.5,4.3,0.6,1.1,0.3,1.1,2.6,7.0,0,0,0
71,Jonas Valanciunas,Center,20.5,2.8,5.5,.509,0.5,1.6,.313,2.3,4.0,.313,0.8,1.1,.736,1.8,2.5,4.3,0.6,1.1,0.3,1.1,2.6,7.0,0,0,0
72,Jorge Gutierrez,"Born:

    December 27, 1988
    

    
      in Chihuahua, Mexico
    
  
mx",18.7,2.7,7.3,.371,0.4,2.0,.218,2.3,5.3,.218,1.8,2.3,.767,0.5,2.2,2.6,2.4,1.2,0.1,1.9,2.8,7.6,0,0,0
73,Josh Magette,Guard,25.3,2.4,6.3,.384,0.9,2.5,.368,1.5,3.8,.368,1.2,1.5,.818,0.4,2.6,3.0,4.5,1.2,0.0,1.6,2.7,7.0,0,0,0
74,Juan Hernangomez,Forward,16.9,2.0,4.6,.443,0.6,1.8,.342,1.4,2.8,.342,1.5,2.0,.720,1.3,2.6,4.0,0.4,0.6,0.3,0.9,1.0,6.1,0,0,0
75,Jusuf Nurkic,Forward,16.9,2.0,4.6,.443,0.6,1.8,.342,1.4,2.8,.342,1.5,2.0,.720,1.3,2.6,4.0,0.4,0.6,0.3,0.9,1.0,6.1,0,0,0
76,Kay Felder,,16.9,2.0,4.6,.443,0.6,1.8,.342,1.4,2.8,.342,1.5,2.0,.720,1.3,2.6,4.0,0.4,0.6,0.3,0.9,1.0,6.1,0,0,0
77,Kevin Seraphin,Forward,14.6,2.8,5.0,.565,0.0,0.0,0,2.8,5.0,0,1.0,1.6,.671,1.5,2.1,3.6,0.6,0.3,0.7,1.2,2.0,6.7,0,0,0
78,Kostas Papanikolaou,Forward,19.6,2.6,5.2,.503,0.7,2.2,.342,1.9,3.1,.342,1.2,1.6,.725,0.9,2.8,3.7,1.4,1.0,0.3,1.0,1.8,7.2,0,0,0
79,Kristaps Porzingis,Forward,17.3,3.2,6.8,.474,0.6,1.8,.326,2.6,5.0,.326,1.2,1.6,.730,1.2,2.3,3.5,0.3,0.7,0.9,1.0,2.5,8.2,0,0,0
80,Kyle Anderson,Forward,17.3,3.2,6.8,.474,0.6,1.8,.326,2.6,5.0,.326,1.2,1.6,.730,1.2,2.3,3.5,0.3,0.7,0.9,1.0,2.5,8.2,0,0,0
81,Larry Drew,"Born:

    March 5, 1990",18.0,1.4,3.8,.377,0.7,1.9,.382,0.7,1.9,.382,0.4,0.9,.500,0.3,1.3,1.6,3.6,0.8,0.0,1.6,2.1,4.1,0,0,0
82,Larry Nance,"Born:

    March 5, 1990",18.0,1.4,3.8,.377,0.7,1.9,.382,0.7,1.9,.382,0.4,0.9,.500,0.3,1.3,1.6,3.6,0.8,0.0,1.6,2.1,4.1,0,0,0
83,Lonnie Walker,"Born:

    March 5, 1990",18.0,1.4,3.8,.377,0.7,1.9,.382,0.7,1.9,.382,0.4,0.9,.500,0.3,1.3,1.6,3.6,0.8,0.0,1.6,2.1,4.1,0,0,0
84,Luc Mbah a Moute,"Born:

    March 5, 1990",18.0,1.4,3.8,.377,0.7,1.9,.382,0.7,1.9,.382,0.4,0.9,.500,0.3,1.3,1.6,3.6,0.8,0.0,1.6,2.1,4.1,0,0,0
85,Lucas Nogueira,Center,13.7,2.1,3.3,.645,0.0,0.1,.333,2.1,3.2,.333,0.9,1.4,.667,1.5,1.8,3.3,0.3,0.5,1.1,0.7,2.0,5.2,0,0,0
86,Luigi Datome,"6-8, 215lb (203cm, 97kg)",19.7,3.1,6.4,.488,1.2,2.9,.409,2.0,3.6,.409,1.5,1.7,.857,1.0,2.5,3.5,0.8,1.1,0.4,1.4,2.1,8.9,0,0,0
87,Luis Montero,"6-8, 215lb (203cm, 97kg)",19.7,3.1,6.4,.488,1.2,2.9,.409,2.0,3.6,.409,1.5,1.7,.857,1.0,2.5,3.5,0.8,1.1,0.4,1.4,2.1,8.9,0,0,0
88,Luka Doncic,Guard,18.7,2.7,5.8,.473,0.9,2.7,.320,1.9,3.1,.320,1.8,2.3,.766,0.8,3.3,4.1,3.2,0.7,0.4,1.8,1.5,8.1,0,0,0
89,Marc Gasol,Center,20.8,3.2,5.1,.622,0.1,0.4,.390,3.1,4.8,.390,2.6,3.8,.676,1.6,3.5,5.1,1.2,0.7,1.1,1.3,1.8,9.1,0,0,0
90,Marcelo Huertas,Guard,21.6,3.1,6.7,.463,0.8,2.3,.351,2.3,4.4,.351,1.5,1.7,.861,0.5,1.6,2.2,3.8,0.9,0.0,1.9,1.7,8.5,0,0,0
91,Mario Hezonja,Forward,13.1,1.7,3.8,.452,0.8,2.1,.383,0.9,1.7,.383,0.4,0.4,.875,0.3,1.7,2.0,1.2,0.5,0.1,1.0,1.5,4.6,0,0,0
92,Marvin Bagley,Forward,13.1,1.7,3.8,.452,0.8,2.1,.383,0.9,1.7,.383,0.4,0.4,.875,0.3,1.7,2.0,1.2,0.5,0.1,1.0,1.5,4.6,0,0,0
93,Maxi Kleber,Forward,25.5,3.8,8.4,.457,0.9,2.6,.333,3.0,5.8,.333,2.9,3.5,.812,1.9,4.5,6.5,0.8,0.9,0.9,1.5,3.0,11.5,0,0,0
94,Milos Teodosic,Guard,22.5,2.6,5.7,.463,1.4,3.4,.417,1.2,2.4,.417,1.3,1.6,.803,0.4,1.8,2.2,3.6,0.8,0.1,2.0,2.5,7.9,0,0,0
95,Mindaugas Kuzminskas,Forward,17.6,3.1,6.5,.469,0.8,2.5,.312,2.3,4.0,.312,1.7,2.1,.802,1.2,1.7,3.0,0.9,0.4,0.3,1.1,1.6,8.6,0,0,0
96,Miroslav Raduljica,Center,17.6,3.1,6.5,.469,0.8,2.5,.312,2.3,4.0,.312,1.7,2.1,.802,1.2,1.7,3.0,0.9,0.4,0.3,1.1,1.6,8.6,0,0,0
97,Mirza Teletovic,Forward,26.7,4.5,9.7,.461,2.1,5.5,.389,2.3,4.2,.389,1.2,1.5,.751,1.1,3.2,4.3,0.8,0.5,0.4,1.2,2.4,12.2,0,0,0
98,Mitch Creek,Forward,26.7,4.5,9.7,.461,2.1,5.5,.389,2.3,4.2,.389,1.2,1.5,.751,1.1,3.2,4.3,0.8,0.5,0.4,1.2,2.4,12.2,0,0,0
99,Mitchell Robinson,Forward,26.7,4.5,9.7,.461,2.1,5.5,.389,2.3,4.2,.389,1.2,1.5,.751,1.1,3.2,4.3,0.8,0.5,0.4,1.2,2.4,12.2,0,0,0
100,Nando De Colo,Guard,25.7,4.4,9.6,.457,1.4,3.8,.361,3.0,5.8,.361,2.4,2.7,.884,0.6,2.3,2.9,2.7,1.3,0.1,2.4,2.5,12.6,0,0,0
101,Nathan Jawai,Center,25.7,4.4,9.6,.457,1.4,3.8,.361,3.0,5.8,.361,2.4,2.7,.884,0.6,2.3,2.9,2.7,1.3,0.1,2.4,2.5,12.6,0,0,0
102,Naz Mitrou-Long,Center,25.7,4.4,9.6,.457,1.4,3.8,.361,3.0,5.8,.361,2.4,2.7,.884,0.6,2.3,2.9,2.7,1.3,0.1,2.4,2.5,12.6,0,0,0
103,Nemanja Bjelica,Forward,18.2,2.4,5.5,.437,1.0,2.8,.351,1.4,2.7,.351,0.8,1.1,.674,1.2,2.8,4.0,0.8,0.5,0.2,1.0,2.6,6.6,0,0,0
104,Nemanja Nedovic,Guard,19.2,3.9,8.6,.450,1.7,4.5,.380,2.2,4.1,.380,2.2,2.7,.810,0.2,1.3,1.5,3.0,0.7,0.1,1.7,1.8,11.6,0,0,0
105,Nicolas Batum,Forward,23.2,3.5,6.8,.511,0.8,2.4,.333,2.7,4.4,.333,1.6,2.1,.735,1.2,2.8,4.1,2.5,1.0,0.6,1.8,1.6,9.3,0,0,0
106,Nicolas Brussino,Forward,16.8,2.1,5.3,.391,1.1,3.0,.371,0.9,2.2,.371,0.9,1.1,.857,0.5,1.7,2.2,1.0,0.8,0.2,0.8,2.3,6.2,0,0,0
107,Nicolas Laprovittola,Guard,27.6,4.6,10.7,.434,2.0,5.4,.368,2.7,5.3,.368,2.9,3.7,.798,0.5,2.0,2.5,5.5,1.2,0.0,3.5,3.0,14.2,0,0,0
108,Nikola Jokic,Guard,27.6,4.6,10.7,.434,2.0,5.4,.368,2.7,5.3,.368,2.9,3.7,.798,0.5,2.0,2.5,5.5,1.2,0.0,3.5,3.0,14.2,0,0,0
109,Nikola Mirotic,Forward,20.8,3.6,7.1,.505,0.9,2.3,.393,2.7,4.9,.393,2.4,3.0,.780,1.5,3.3,4.8,0.8,0.8,0.5,1.0,1.5,10.5,0,0,0
110,Nikola Pekovic,Center,16.2,4.2,5.9,.712,0.0,0.0,0,4.2,5.9,0,3.6,4.9,.722,1.5,2.0,3.5,0.6,0.3,0.5,1.6,2.6,11.9,0,0,0
111,Nikola Vucevic,Center,16.2,4.2,5.9,.712,0.0,0.0,0,4.2,5.9,0,3.6,4.9,.722,1.5,2.0,3.5,0.6,0.3,0.5,1.6,2.6,11.9,0,0,0
112,Ognjen Kuzmic,Center,14.1,2.2,4.1,.539,0.0,0.0,0,2.2,4.1,0,0.9,1.4,.679,1.6,2.8,4.4,0.5,0.5,0.4,0.9,1.9,5.3,0,0,0
113,Omer Asik,Center,14.1,2.2,4.1,.539,0.0,0.0,0,2.2,4.1,0,0.9,1.4,.679,1.6,2.8,4.4,0.5,0.5,0.4,0.9,1.9,5.3,0,0,0
114,Omri Casspi,Forward,14.1,2.2,4.1,.539,0.0,0.0,0,2.2,4.1,0,0.9,1.4,.679,1.6,2.8,4.4,0.5,0.5,0.4,0.9,1.9,5.3,0,0,0
115,Pablo Prigioni,Guard,23.1,2.2,5.0,.435,1.1,3.1,.363,1.0,1.8,.363,1.3,1.5,.842,0.5,1.7,2.3,3.7,1.7,0.0,1.5,2.0,6.7,0,0,0
116,Pape Sy,Guard,22.5,2.8,6.1,.466,0.7,2.2,.336,2.1,3.9,.336,2.3,3.0,.772,0.7,2.4,3.1,1.4,0.7,0.1,1.3,1.9,8.7,0,0,0
117,Patrick Ewing,Guard,22.5,2.8,6.1,.466,0.7,2.2,.336,2.1,3.9,.336,2.3,3.0,.772,0.7,2.4,3.1,1.4,0.7,0.1,1.3,1.9,8.7,0,0,0
118,Patty Mills,,22.5,2.8,6.1,.466,0.7,2.2,.336,2.1,3.9,.336,2.3,3.0,.772,0.7,2.4,3.1,1.4,0.7,0.1,1.3,1.9,8.7,0,0,0
119,Paul Zipser,Forward,15.5,2.2,5.0,.447,0.6,1.8,.367,1.6,3.2,.367,1.3,1.6,.815,0.9,1.6,2.5,0.5,0.4,0.5,0.5,1.8,6.4,0,0,0
120,Pero Antic,Forward,15.0,1.8,4.4,.413,0.6,2.0,.286,1.2,2.4,.286,1.2,1.7,.726,1.1,2.5,3.6,0.8,0.4,0.3,0.8,2.4,5.4,0,0,0
121,Raul Neto,Guard,22.6,3.0,6.9,.441,0.5,1.8,.296,2.5,5.1,.296,1.6,2.1,.727,0.6,1.7,2.2,3.0,1.1,0.1,2.0,2.6,8.2,0,0,0
122,Ray McCallum,Guard,20.9,3.5,7.6,.458,0.5,1.9,.272,3.0,5.7,.272,1.6,2.3,.680,0.6,1.8,2.4,3.1,0.6,0.0,1.2,1.8,9.0,0,0,0
123,Ray Spalding,Guard,20.9,3.5,7.6,.458,0.5,1.9,.272,3.0,5.7,.272,1.6,2.3,.680,0.6,1.8,2.4,3.1,0.6,0.0,1.2,1.8,9.0,0,0,0
124,Ricky Ledo,Forward,20.9,3.5,7.6,.458,0.5,1.9,.272,3.0,5.7,.272,1.6,2.3,.680,0.6,1.8,2.4,3.1,0.6,0.0,1.2,1.8,9.0,0,0,0
125,Ricky Rubio,Guard,20.8,2.0,5.2,.385,0.8,2.3,.335,1.2,2.9,.335,2.2,2.9,.765,0.8,2.1,2.8,3.9,2.0,0.0,1.9,2.3,7.0,0,0,0
126,Rodions Kurucs,Forward,7.2,1.0,2.2,.462,0.3,1.2,.286,0.7,1.0,.286,0.0,0.0,0,0.0,0.5,0.5,0.3,0.8,0.3,0.5,2.0,2.3,0,0,0
127,Rodrigue Beaubois,Guard,21.9,4.4,8.8,.503,1.6,4.1,.388,2.8,4.7,.388,1.4,1.7,.821,0.4,1.9,2.3,2.2,0.8,0.3,1.5,2.4,11.8,0,0,0
128,Roko Ukic,Guard,22.4,3.2,7.2,.445,1.0,3.0,.333,2.2,4.2,.333,1.5,1.9,.773,0.5,1.5,2.0,3.3,0.8,0.1,1.3,1.6,8.9,0,0,0
129,Rudy Fernandez,Forward,24.3,3.9,8.6,.455,1.8,4.7,.375,2.1,3.8,.375,2.7,3.2,.841,0.8,2.3,3.1,2.6,1.6,0.2,1.5,1.9,12.3,0,0,0
130,Rudy Gobert,Center,18.4,2.8,3.7,.738,0.0,0.1,.000,2.8,3.7,.000,1.2,1.7,.663,1.8,2.8,4.6,0.3,0.5,1.6,1.3,1.9,6.7,0,0,0
131,Salah Mejri,Center,14.5,2.8,4.5,.630,0.1,0.2,.278,2.8,4.3,.278,0.9,1.6,.568,1.4,2.6,4.0,0.3,0.6,1.1,1.3,2.5,6.6,0,0,0
132,Semih Erden,Center,14.5,2.8,4.5,.630,0.1,0.2,.278,2.8,4.3,.278,0.9,1.6,.568,1.4,2.6,4.0,0.3,0.6,1.1,1.3,2.5,6.6,0,0,0
133,Serge Ibaka,Forward,15.8,3.0,5.5,.554,0.0,0.1,.200,3.0,5.3,.200,0.9,1.3,.745,1.4,3.1,4.4,0.2,0.4,1.2,0.9,1.6,7.0,0,0,0
134,Sergey Karasev,Forward,15.8,3.0,5.5,.554,0.0,0.1,.200,3.0,5.3,.200,0.9,1.3,.745,1.4,3.1,4.4,0.2,0.4,1.2,0.9,1.6,7.0,0,0,0
135,Shake Milton,Forward,15.8,3.0,5.5,.554,0.0,0.1,.200,3.0,5.3,.200,0.9,1.3,.745,1.4,3.1,4.4,0.2,0.4,1.2,0.9,1.6,7.0,0,0,0
136,Sheldon Mac,Forward,15.8,3.0,5.5,.554,0.0,0.1,.200,3.0,5.3,.200,0.9,1.3,.745,1.4,3.1,4.4,0.2,0.4,1.2,0.9,1.6,7.0,0,0,0
137,Stephen Zimmerman,Forward,15.8,3.0,5.5,.554,0.0,0.1,.200,3.0,5.3,.200,0.9,1.3,.745,1.4,3.1,4.4,0.2,0.4,1.2,0.9,1.6,7.0,0,0,0
138,Sun Yue,Forward,15.8,3.0,5.5,.554,0.0,0.1,.200,3.0,5.3,.200,0.9,1.3,.745,1.4,3.1,4.4,0.2,0.4,1.2,0.9,1.6,7.0,0,0,0
139,Taurean Waller-Prince,Forward,15.8,3.0,5.5,.554,0.0,0.1,.200,3.0,5.3,.200,0.9,1.3,.745,1.4,3.1,4.4,0.2,0.4,1.2,0.9,1.6,7.0,0,0,0
140,Terrance Ferguson,,15.3,1.8,4.7,.378,0.7,2.2,.317,1.1,2.5,.317,0.4,0.7,.611,0.5,0.7,1.2,0.7,0.3,0.3,1.0,1.8,4.7,0,0,0
141,Thanasis Antetokounmpo,,15.3,1.8,4.7,.378,0.7,2.2,.317,1.1,2.5,.317,0.4,0.7,.611,0.5,0.7,1.2,0.7,0.3,0.3,1.0,1.8,4.7,0,0,0
142,Thomas Robinson,"Born:

    March 17, 1991",15.3,1.8,4.7,.378,0.7,2.2,.317,1.1,2.5,.317,0.4,0.7,.611,0.5,0.7,1.2,0.7,0.3,0.3,1.0,1.8,4.7,0,0,0
143,Thon Maker,"Born:

    March 17, 1991",15.3,1.8,4.7,.378,0.7,2.2,.317,1.1,2.5,.317,0.4,0.7,.611,0.5,0.7,1.2,0.7,0.3,0.3,1.0,1.8,4.7,0,0,0
144,Tiago Splitter,Forward,23.6,4.4,7.2,.610,0.0,0.1,.182,4.4,7.1,.182,3.1,4.6,.664,1.7,3.5,5.3,1.2,1.1,0.8,1.5,2.9,11.9,0,0,0
145,Tibor Pleiss,Center,17.9,3.5,5.8,.595,0.1,0.2,.389,3.4,5.7,.389,1.8,2.3,.793,1.8,3.7,5.5,0.5,0.5,0.8,1.4,2.4,8.8,0,0,0
146,Tim Ohlbrecht,Center,17.9,3.5,5.8,.595,0.1,0.2,.389,3.4,5.7,.389,1.8,2.3,.793,1.8,3.7,5.5,0.5,0.5,0.8,1.4,2.4,8.8,0,0,0
147,Timofey Mozgov,Center,17.9,3.5,5.8,.595,0.1,0.2,.389,3.4,5.7,.389,1.8,2.3,.793,1.8,3.7,5.5,0.5,0.5,0.8,1.4,2.4,8.8,0,0,0
148,Timothe Luwawu-Cabarrot,Center,17.9,3.5,5.8,.595,0.1,0.2,.389,3.4,5.7,.389,1.8,2.3,.793,1.8,3.7,5.5,0.5,0.5,0.8,1.4,2.4,8.8,0,0,0
149,Tomas Satoransky,Guard,21.8,3.0,6.2,.491,0.7,1.8,.380,2.3,4.3,.380,1.6,2.0,.782,0.6,2.0,2.6,3.0,0.9,0.1,1.8,2.0,8.3,0,0,0
150,Tornike Shengelia,Forward,21.8,4.4,8.2,.544,0.5,1.6,.347,3.9,6.6,.347,2.7,3.8,.708,1.3,3.4,4.7,1.5,0.9,0.4,1.7,2.1,12.1,0,0,0
151,Viacheslav Kravtsov,Center,21.8,4.4,8.2,.544,0.5,1.6,.347,3.9,6.6,.347,2.7,3.8,.708,1.3,3.4,4.7,1.5,0.9,0.4,1.7,2.1,12.1,0,0,0
152,Victor Claver,Forward,21.3,2.4,5.4,.453,0.9,2.5,.351,1.6,2.9,.351,1.1,1.6,.680,0.9,2.8,3.7,1.2,0.9,0.4,1.3,2.0,6.8,0,0,0
153,Vitor Faverani,Center,16.5,2.9,5.6,.518,0.3,1.0,.282,2.7,4.7,.282,1.6,2.3,.686,1.2,2.8,4.0,0.5,0.4,0.5,1.7,2.3,7.7,0,0,0
154,Walker Russell,Guard,15.2,2.0,6.3,.316,0.4,1.8,.227,1.6,4.5,.227,0.5,0.5,1.000,0.3,0.6,0.9,2.3,0.6,0.0,1.8,2.0,4.9,0,0,0
155,Walt Lemon,Guard,15.2,2.0,6.3,.316,0.4,1.8,.227,1.6,4.5,.227,0.5,0.5,1.000,0.3,0.6,0.9,2.3,0.6,0.0,1.8,2.0,4.9,0,0,0
156,Willy Hernangomez,Guard,15.2,2.0,6.3,.316,0.4,1.8,.227,1.6,4.5,.227,0.5,0.5,1.000,0.3,0.6,0.9,2.3,0.6,0.0,1.8,2.0,4.9,0,0,0
157,Yogi Ferrell,Guard,15.2,2.0,6.3,.316,0.4,1.8,.227,1.6,4.5,.227,0.5,0.5,1.000,0.3,0.6,0.9,2.3,0.6,0.0,1.8,2.0,4.9,0,0,0
158,Zhou Qi,,15.2,2.0,6.3,.316,0.4,1.8,.227,1.6,4.5,.227,0.5,0.5,1.000,0.3,0.6,0.9,2.3,0.6,0.0,1.8,2.0,4.9,0,0,0
159,Zoran Dragic,Guard,18.8,3.0,6.5,.458,0.8,2.6,.304,2.2,3.9,.304,2.0,2.7,.728,0.9,1.8,2.7,1.1,0.9,0.1,1.5,2.1,8.7,0,0,0
