Player,School,G,FGP,3P%,FTP,TRB,AST,STL,BLK,TOV,PTS
Jaylen Adams,St. Bonaventure,110,.427,.394,.838,3.4,5.4,1.5,0.2,2.9,17.4
Deng Adel,Louisville,89,.438,.348,.776,4.1,2.0,0.5,0.3,1.7,11.2
DeVaughn Akoon-Purcell,Illinois State,60,.428,.301,.739,5.3,1.6,1.0,0.3,2.3,13.5
Rawle Alkins,Arizona,60,.450,.365,.729,4.9,2.2,1.0,0.6,2.1,11.8
Grayson Allen,Duke,142,.430,.380,.834,3.2,3.0,1.0,0.1,1.7,14.1
Kostas Antetokounmpo,Dayton,29,.574,.133,.516,2.9,0.4,0.2,1.1,1.3,5.2
Deandre Ayton,Arizona,35,.612,.343,.733,11.6,1.6,0.6,1.9,2.0,20.1
Mohamed Bamba,Texas,30,.541,.275,.681,10.5,0.5,0.8,3.7,1.5,12.9
Keita Bates-Diop,Ohio State,109,.472,.352,.776,5.7,1.1,0.6,1.2,1.2,11.7
Jaron Blossomgame,Clemson,128,.488,.316,.724,6.5,1.1,0.6,0.7,1.5,13.5
Jonah Bolden,UCLA,31,.415,.250,.733,4.8,1.1,0.7,0.9,0.8,4.6
Mikal Bridges,Villanova,116,.525,.400,.845,4.3,1.6,1.4,0.9,1.1,11.3
Miles Bridges,Michigan State,62,.470,.375,.776,7.6,2.4,0.6,1.1,2.1,17.0
Isaiah Briscoe,Kentucky,70,.455,.229,.555,5.4,3.7,0.9,0.2,2.2,10.9
Ryan Broekhoff,Valparaiso,134,.464,.408,.818,6.3,1.8,1.0,0.7,1.4,11.9
Bruce Brown,Hampton,114,.602,,.470,5.0,0.4,0.2,1.2,1.8,9.0
Troy Brown,Providence,118,.480,.522,.688,4.2,0.3,0.3,0.5,,5.9
Jalen Brunson,Villanova,116,.510,.393,.820,2.5,3.7,0.8,0.0,1.9,14.4
Deonte Burton,Nevada,130,.439,.337,.751,2.9,4.0,1.3,0.4,2.2,16.2
Jevon Carter,West Virginia,144,.407,.355,.798,3.7,3.9,2.3,0.2,1.8,12.2
Wendell Carter,Texas,48,.505,.667,.364,1.8,0.2,0.4,0.4,,2.5
Troy Caupain,Cincinnati,137,.397,.338,.762,3.6,3.8,1.1,0.2,1.6,9.6
Joe Chealey,College of Charleston,129,.404,.347,.805,3.5,3.1,0.9,0.1,1.9,14.2
Chris Chiozza,Florida,139,.391,.327,.747,3.2,4.1,1.4,0.1,1.6,7.4
Gary Clark,Wake Forest,109,.451,.434,.752,1.1,0.7,0.6,0.1,0.8,5.1
Bonzie Colson,Notre Dame,125,.528,.350,.772,7.2,1.0,1.0,1.2,1.0,13.1
Tyler Davis,Dartmouth,43,.296,.231,.629,0.6,0.2,0.2,0.1,0.3,1.4
Marcus Derrickson,Georgetown,89,.459,.397,.856,5.6,1.4,0.5,0.6,1.7,10.3
Hamidou Diallo,Kentucky,37,.428,.338,.616,3.6,1.2,0.8,0.4,1.4,10.0
Donte DiVincenzo,Villanova,85,.469,.378,.705,4.0,2.4,0.9,0.2,1.6,10.2
Trevon Duval,Duke,37,.428,.290,.596,2.0,5.6,1.5,0.1,2.8,10.3
Vince Edwards,Western Kentucky,53,.390,.000,.423,1.0,1.0,0.3,0.1,,1.4
Drew Eubanks,Oregon State,96,.598,,.693,6.6,0.9,0.5,1.7,2.0,11.7
Jacob Evans,Cincinnati,105,.429,.377,.755,4.3,2.5,1.1,0.9,1.3,11.7
Melvin Frazier,Tulane,94,.481,.312,.653,4.4,1.7,1.6,0.5,2.0,10.6
Billy Garrett,DePaul,125,.386,.323,.841,2.7,3.5,0.9,0.2,2.6,13.1
Harry Giles,Duke,26,.577,,.500,3.8,0.3,0.3,0.7,0.7,3.9
Shai Gilgeous-Alexander,Kentucky,37,.485,.404,.817,4.1,5.1,1.6,0.5,2.7,14.4
Brandon Goodwin,Florida Gulf Coast,68,.490,.314,.769,5.0,4.4,1.3,0.1,2.5,18.5
Devonte' Graham,Kansas,142,.422,.409,.787,3.1,4.5,1.4,0.1,1.9,12.3
Donte Grantham,Clemson,114,.414,.333,.726,4.8,1.9,0.9,0.7,1.5,9.6
Dusty Hannahs,Arkansas,68,.448,.410,.889,2.0,1.1,0.5,0.1,1.5,15.4
Aaron Holiday,UCLA,101,.450,.422,.795,3.2,4.7,1.2,0.2,3.0,14.3
Kevin Huerter,Maryland,65,.466,.394,.748,5.0,3.0,0.8,0.7,1.9,12.0
Isaac Humphries,Kentucky,61,.473,,.650,2.7,0.2,0.2,0.6,0.4,2.4
Chandler Hutchison,Boise State,123,.476,.353,.687,5.5,2.1,1.0,0.2,1.9,12.0
Frank Jackson,Georgia Southern,52,.472,,.550,4.3,0.3,0.2,1.0,,5.0
Jaren Jackson,Georgetown,130,.444,.365,.709,2.9,1.2,1.0,0.2,1.3,7.5
Amile Jefferson,Duke,150,.620,,.575,6.3,0.9,0.6,0.9,0.9,7.2
Alize Johnson,Missouri State,66,.457,.325,.716,11.1,2.4,0.5,0.3,2.3,14.9
B.J. Johnson,Villanova,29,.188,.000,.692,0.4,0.1,0.3,0.0,0.3,0.5
Jemerrio Jones,New Mexico State,68,.503,.138,.573,10.8,3.1,1.1,0.6,2.2,10.4
George King,Colorado,127,.444,.401,.731,5.4,0.7,0.4,0.3,1.5,10.2
Kevin Knox,Kentucky,37,.445,.341,.774,5.4,1.4,0.8,0.3,2.3,15.6
Zach Lofton,New Mexico State,33,.456,.380,.772,5.0,1.7,1.1,0.1,2.2,20.1
Jordan Loyd,Furman,28,.367,.259,.661,3.5,1.8,0.5,0.1,1.6,5.9
Daryl Macon,Arkansas,71,.450,.405,.871,2.8,3.1,1.1,0.1,1.8,15.1
J.P. Macura,Xavier,141,.448,.352,.798,3.2,2.1,1.2,0.2,1.5,10.6
Yante Maten,Georgia,128,.483,.403,.755,6.9,1.0,0.4,1.6,1.9,14.7
Tahjere McCall,Tennessee State,58,.445,.266,.699,5.1,4.0,2.6,0.4,3.4,14.5
De'Anthony Melton,USC,36,.437,.284,.706,4.7,3.5,1.9,1.0,1.8,8.3
Chimezie Metu,USC,104,.533,.302,.692,6.3,1.2,0.7,1.6,1.7,12.3
Sviatoslav Mykhailiuk,Kansas,136,.428,.409,.746,2.5,1.5,0.7,0.2,1.1,8.7
Josh Okogie,Georgia Tech,61,.437,.382,.777,5.8,2.0,1.5,0.8,2.3,16.9
Theo Pinson,UNC,122,.431,.257,.734,4.4,3.4,0.8,0.3,1.5,6.3
Cameron Reynolds,Tulane,135,.387,.334,.716,4.5,1.2,0.6,0.3,1.2,10.1
Duncan Robinson,Michigan,115,.455,.419,.864,2.5,1.2,0.6,0.3,0.7,9.3
Jerome Robinson,Bradley,113,.440,.375,.741,3.2,1.8,0.8,0.6,1.5,8.4
Brandon Sampson,LSU,85,.442,.324,.745,2.3,1.0,0.6,0.2,1.3,7.9
Collin Sexton,Alabama,33,.447,.336,.778,3.8,3.6,0.8,0.1,2.8,19.2
Landry Shamet,Wichita State,71,.480,.437,.811,3.0,4.1,0.8,0.2,1.5,12.9
Jordan Sibert,Dayton,73,.456,.384,.760,2.8,1.7,1.3,0.1,1.5,14.1
Zhaire Smith,Texas Tech,37,.556,.450,.717,5.0,1.8,1.1,1.1,1.1,11.3
Omari Spellman,Villanova,40,.476,.433,.700,8.0,0.8,0.7,1.5,1.0,10.9
Jared Terrell,Rhode Island,134,.406,.365,.763,3.0,2.1,1.3,0.2,1.7,13.1
Khyri Thomas,Creighton,102,.511,.406,.719,4.6,2.5,1.4,0.3,1.6,11.2
Gary Trent,Ohio,93,.573,.246,.687,11.3,2.0,0.6,1.1,3.3,22.7
Allonzo Trier,Arizona,78,.479,.378,.827,3.7,2.4,0.5,0.2,2.0,16.8
Jarred Vanderbilt,Kentucky,14,.426,.000,.632,7.9,1.0,0.4,0.8,1.1,5.9
Moritz Wagner,Michigan,107,.547,.385,.698,4.5,0.5,0.8,0.4,1.2,10.4
Brad Wanamaker,Pitt,134,.437,.344,.722,3.9,3.4,1.0,0.2,1.9,8.1
Julian Washburn,UTEP,130,.435,.341,.699,3.8,2.1,0.9,0.4,1.6,11.7
Yuta Watanabe,George Washington,134,.425,.337,.788,4.5,1.5,0.7,1.1,1.3,10.9
Thomas Welsh,UCLA,132,.537,.407,.798,7.8,0.8,0.4,1.1,0.7,9.5
Johnathan Williams,Charlotte,14,.250,.500,.500,0.1,0.1,0.1,0.0,0.4,0.5
Kenrich Williams,TCU,102,.484,.375,.625,8.6,2.7,1.4,0.7,1.4,11.0
Robert Williams,Florida Atlantic,122,.487,,.551,4.7,0.4,0.4,0.6,1.2,6.6
Trae Young,Oklahoma,32,.422,.360,.861,3.9,8.7,1.7,0.3,5.2,27.4
Jarrett Allen,Texas,33,.566,.000,.564,8.4,0.8,0.6,1.5,2.5,13.4
Kadeem Allen,Arizona,68,.459,.400,.725,3.6,3.3,1.3,0.7,2.0,9.1
Ike Anigbogu,UCLA,29,.564,,.535,4.0,0.2,0.2,1.2,0.8,4.7
OG Anunoby,Indiana,50,.563,.365,.522,3.5,0.8,1.0,0.9,1.1,6.8
Ryan Arcidiacono,Villanova,144,.397,.358,.800,2.3,3.7,1.2,0.0,1.8,11.1
Jamel Artis,Pitt,135,.470,.378,.759,4.6,2.3,0.5,0.3,1.9,12.6
Dwayne Bacon,Florida State,69,.449,.312,.733,5.0,1.6,1.0,0.1,2.1,16.5
Lonzo Ball,UCLA,36,.551,.412,.673,6.0,7.6,1.8,0.8,2.5,14.6
Jordan Bell,Oregon,105,.610,.188,.630,6.8,1.5,1.1,2.2,1.5,7.8
Khem Birch,UNLV,59,.527,,.678,8.2,0.9,0.7,3.3,1.3,9.6
Jabari Bird,California,114,.442,.371,.753,3.3,1.2,0.5,0.3,1.2,10.8
Antonio Blakeney,LSU,64,.444,.347,.736,4.1,1.3,0.7,0.1,1.4,14.8
Chris Boucher,Oregon,69,.532,.344,.641,6.8,0.4,0.6,2.7,1.1,12.0
Tony Bradley,UNC,38,.573,,.619,5.1,0.6,0.3,0.6,0.7,7.1
Dillon Brooks,Oregon,109,.472,.362,.794,4.5,2.6,0.9,0.5,2.1,14.8
Sterling Brown,Washington,32,.435,.353,.533,0.8,0.4,0.1,0.0,0.3,1.7
Thomas Bryant,Indiana,69,.592,.373,.718,6.2,1.2,0.6,1.2,2.0,12.2
Alex Caruso,Texas A&M,137,.455,.340,.685,3.7,4.7,2.0,0.4,2.5,8.0
Tyler Cavanaugh,George Washington,73,.476,.412,.837,8.0,1.6,0.5,0.3,2.4,17.5
Gian Clavell,Colorado State,70,.418,.362,.698,5.2,1.7,1.3,0.6,1.6,15.2
Antonius Cleveland,Southeast Missouri State,121,.494,.288,.612,4.7,2.0,1.3,0.6,1.9,12.9
John Collins,Wake Forest,64,.601,.000,.729,7.0,0.4,0.5,1.2,1.4,13.4
Zach Collins,Gonzaga,39,.652,.476,.743,5.9,0.4,0.5,1.8,1.5,10.0
Kyle Collinsworth,BYU,140,.477,.280,.642,7.5,5.0,1.6,0.4,2.6,12.2
Charles Cooke,Dayton,61,.451,.399,.695,5.5,2.3,1.2,1.1,1.9,15.7
Matt Costello,Michigan State,138,.567,.167,.713,4.7,0.8,0.4,1.1,0.7,6.0
Torrey Craig,USC Upstate,131,.413,.330,.671,7.2,1.8,1.1,0.8,2.6,16.2
Tyler Dorsey,Oregon,75,.455,.416,.732,3.9,1.8,0.8,0.1,1.7,14.1
Damyean Dotson,Houston,64,.485,.412,.832,6.9,1.2,0.8,0.2,1.0,15.6
Milton Doyle,Loyola (IL),121,.438,.344,.718,4.1,3.8,1.2,0.6,3.1,13.3
PJ Dozier,South Carolina,70,.398,.277,.579,3.9,2.4,1.3,0.3,2.4,10.4
Jawun Evans,Oklahoma State,54,.448,.407,.818,3.8,5.8,1.5,0.1,2.7,16.6
De'Aaron Fox,Kentucky,36,.479,.246,.736,4.0,4.6,1.5,0.2,2.4,16.7
Markelle Fultz,Washington,25,.476,.413,.649,5.7,5.9,1.6,1.2,3.2,23.2
Josh Gray,LSU,63,.415,.242,.610,2.1,2.8,1.0,0.0,2.0,6.3
Daniel Hamilton,UConn,71,.384,.337,.772,8.3,4.2,1.0,0.4,2.3,11.7
Shaquille Harrison,Tulsa,133,.444,.216,.645,4.5,3.5,1.8,0.4,2.3,11.1
Josh Hart,Villanova,146,.511,.389,.720,5.6,1.8,1.1,0.3,1.3,13.2
Nigel Hayes,Wisconsin,150,.446,.332,.666,5.3,2.1,0.9,0.4,1.6,12.4
Reggie Hearn,Northwestern,95,.457,.353,.752,2.8,1.0,0.6,0.2,1.2,7.1
Myke Henry,DePaul,63,.500,.371,.706,5.8,1.1,1.0,0.4,2.3,12.8
Isaiah Hicks,UNC,151,.573,.167,.725,3.6,0.7,0.3,0.5,1.1,7.4
John Holland,Boston University,129,.434,.355,.807,5.6,1.2,1.6,0.3,1.9,17.1
Vince Hunter,UTEP,67,.540,.333,.604,7.9,1.5,1.0,0.9,2.4,13.6
Andre Ingram,American,118,.393,.385,.787,4.5,1.7,1.0,0.1,1.8,14.0
Jonathan Isaac,Florida State,32,.508,.348,.780,7.8,1.2,1.2,1.5,1.5,12.0
Wesley Iwundu,Kansas State,132,.463,.338,.688,4.7,2.8,0.9,0.4,2.1,9.5
Aaron Jackson,Duquesne,120,.521,.342,.772,4.5,4.2,1.4,0.1,2.3,11.9
Josh Jackson,South Carolina State,30,.530,,.577,4.7,1.0,0.2,0.4,2.3,8.0
Justin Jackson,Tennessee,6,.000,,.000,0.5,0.0,0.0,0.0,0.0,0.0
Mike James,Duquesne,111,.444,.329,.726,3.0,3.1,1.8,0.1,,12.7
Dakari Johnson,Kentucky,78,.537,,.559,4.3,0.5,0.3,0.8,0.9,5.8
Omari Johnson,Oregon State,120,.418,.293,.600,4.0,0.7,0.6,0.3,1.3,6.4
Jalen Jones,Texas A&M,64,.436,.317,.715,6.9,0.7,0.8,0.4,1.5,14.5
Luke Kennard,Duke,73,.461,.383,.867,4.3,2.0,0.9,0.3,1.2,15.7
Luke Kornet,Vanderbilt,128,.417,.320,.779,4.8,1.1,0.4,1.6,1.1,8.9
Kyle Kuzma,Utah,96,.506,.302,.633,5.5,1.5,0.3,0.4,1.6,10.1
T.J. Leaf,UCLA,35,.617,.466,.679,8.2,2.4,0.6,1.1,1.5,16.3
Damion Lee,Louisville,30,.428,.341,.843,3.9,2.0,1.5,0.0,1.7,15.9
Tyler Lydon,Syracuse,71,.476,.400,.809,7.4,1.6,1.1,1.6,1.5,11.6
Lauri Markkanen,Arizona,37,.492,.423,.835,7.2,0.9,0.4,0.5,1.1,15.6
Frank Mason,Kansas,145,.454,.420,.761,3.4,4.0,1.1,0.1,1.9,13.0
Mangok Mathiang,Louisville,114,.506,,.599,4.8,0.5,0.5,1.3,0.9,4.8
Erik McCree,Louisiana Tech,99,.464,.348,.735,7.3,1.0,0.6,0.5,2.2,14.9
Trey McKinney-Jones,Miami (FL),69,.436,.385,.815,3.4,1.5,0.7,0.0,1.1,8.1
Alfonzo McKinnie,Green Bay,42,.449,.351,.535,4.8,0.2,0.5,0.5,1.1,7.3
Malcolm Miller,Holy Cross,112,.445,.370,.765,4.8,1.5,0.8,1.3,1.6,9.0
Donovan Mitchell,Louisville,65,.418,.329,.788,4.1,2.2,1.5,0.3,1.3,11.7
Malik Monk,Kentucky,38,.450,.397,.822,2.5,2.3,0.9,0.5,2.0,19.8
Ben Moore,SMU,135,.539,.200,.663,5.8,1.8,0.8,0.9,1.4,9.0
Monte Morris,Iowa State,140,.476,.381,.780,3.7,5.5,1.6,0.3,1.2,12.2
Johnathan Motley,Baylor,102,.519,.240,.654,6.4,1.3,0.4,1.2,2.0,12.0
Abdel Nader,Iowa State,67,.454,.321,.745,4.0,1.1,0.7,0.6,1.7,9.5
Royce O'Neale,Baylor,71,.483,.448,.683,5.6,3.1,1.0,0.3,1.7,8.5
Semi Ojeleye,SMU,35,.487,.424,.785,6.9,1.5,0.4,0.4,1.4,19.0
Marcus Paige,UNC,141,.407,.374,.848,2.8,4.3,1.4,0.2,1.9,13.3
Justin Patton,Creighton,35,.676,.533,.517,6.2,1.2,0.9,1.4,1.7,12.9
Brandon Paul,Illinois,138,.384,.325,.724,3.8,2.2,1.1,0.5,2.3,12.0
London Perrantes,Virginia,138,.405,.409,.812,2.7,4.1,0.9,0.1,1.5,8.9
Alec Peters,Valparaiso,134,.487,.416,.846,7.4,1.5,0.8,0.3,1.9,17.5
Jacob Pullen,Kansas State,135,.408,.361,.770,2.4,3.4,1.6,0.1,2.6,15.8
Rodney Purvis,UConn,102,.410,.360,.676,3.2,1.9,0.9,0.2,1.7,12.8
Ivan Rabb,California,65,.544,.409,.666,9.4,1.2,0.6,1.1,1.8,13.2
Xavier Rathan-Mayes,Florida State,100,.424,.294,.666,3.2,4.5,1.0,0.0,2.6,12.4
Davon Reed,Miami (FL),131,.430,.395,.779,3.6,1.6,0.9,0.4,1.4,10.3
Devin Robinson,Florida,105,.450,.336,.714,4.9,0.6,0.6,0.6,0.9,8.9
Ben Simmons,LSU,33,.560,.333,.670,11.8,4.8,2.0,0.8,3.4,19.2
Kobi Simmons,Arizona,37,.395,.327,.775,1.6,2.0,0.6,0.1,1.2,8.7
Dennis Smith,Utah,3,.667,,1.000,1.3,0.0,0.0,0.0,,3.3
Edmond Sumner,Xavier,58,.429,.285,.730,3.5,3.8,1.2,0.4,2.2,11.4
Caleb Swanigan,Purdue,69,.501,.376,.760,10.4,2.4,0.4,0.5,3.0,14.4
Jayson Tatum,Duke,29,.452,.342,.849,7.3,2.1,1.3,1.1,2.6,16.8
Sindarius Thornwell,South Carolina,132,.392,.339,.771,5.2,3.0,1.5,0.6,2.5,14.7
Tyrone Wallace,California,129,.415,.292,.613,5.2,3.4,1.1,0.4,2.2,12.6
Derrick Walton,Michigan,127,.404,.401,.837,4.4,3.9,1.1,0.0,1.8,11.6
Jameel Warney,Stony Brook,135,.596,,.592,9.4,1.6,0.8,2.0,1.4,15.8
James Webb,Boise State,63,.518,.330,.676,8.6,0.8,1.3,0.6,1.3,13.5
Derrick White,Colorado,34,.507,.396,.813,4.1,4.4,1.2,1.4,2.4,18.1
Jacob Wiley,Eastern Washington,34,.643,.714,.828,9.1,2.4,0.8,2.8,3.8,20.4
C.J. Williams,Boise State,108,.388,.312,.571,1.9,2.3,0.9,0.0,1.8,5.2
Matt Williams,Colorado State,113,.529,.000,.710,4.4,1.3,0.5,0.5,1.9,8.7
D.J. Wilson,Michigan,69,.525,.363,.817,3.3,0.8,0.4,1.0,0.8,7.1
Jamil Wilson,Marquette,101,.439,.344,.704,5.0,1.8,0.6,0.9,1.5,9.4
Ron Baker,Wichita State,124,.433,.369,.801,4.2,2.8,1.3,0.6,1.4,13.2
Wade Baldwin,Vanderbilt,68,.431,.422,.800,4.1,4.8,1.3,0.2,2.3,11.6
Malik Beasley,Florida State,34,.471,.387,.813,5.3,1.5,0.9,0.2,1.7,15.6
DeAndre' Bembry,St. Joseph's,101,.457,.312,.628,6.7,3.6,1.4,0.8,2.5,15.7
Ben Bentil,Providence,69,.455,.324,.761,6.3,0.9,0.6,0.7,1.6,13.8
Joel Bolomboy,Weber State,130,.528,.371,.713,10.1,0.7,0.6,1.4,2.0,11.4
Malcolm Brogdon,Virginia,136,.430,.365,.876,4.1,2.5,0.9,0.2,1.5,13.3
Jaylen Brown,California,34,.431,.294,.654,5.4,2.0,0.8,0.6,3.1,14.6
Marquese Chriss,Washington,34,.530,.350,.682,5.4,0.8,0.9,1.6,2.0,13.7
Semaj Christon,Xavier,64,.462,.338,.670,2.8,4.4,1.4,0.2,3.1,16.2
Quinn Cook,Duke,143,.432,.375,.853,2.7,3.6,1.1,0.1,1.4,11.0
Deyonta Davis,Michigan State,35,.598,,.605,5.5,0.7,0.3,1.8,0.9,7.5
Malcolm Delaney,Virginia Tech,136,.401,.363,.845,3.5,4.0,1.3,0.2,2.8,16.6
Cheick Diallo,Kansas,27,.569,,.556,2.5,0.0,0.3,0.9,0.6,3.0
Kris Dunn,Providence,95,.450,.354,.693,5.1,5.8,2.2,0.4,3.3,12.8
Henry Ellenson,Marquette,33,.446,.288,.749,9.7,1.8,0.8,1.5,2.4,17.0
Joel Embiid,Kansas,28,.626,.200,.685,8.1,1.4,0.9,2.6,2.4,11.2
Dorian Finney-Smith,Florida,101,.428,.361,.673,7.1,1.9,0.8,0.7,1.8,12.1
Bryn Forbes,Michigan State,74,.467,.458,.827,1.7,1.2,0.5,0.1,0.8,11.3
Patricio Garino,George Washington,129,.508,.364,.671,4.3,1.7,1.7,0.7,2.2,12.0
Michael Gbinije,Syracuse,101,.452,.387,.631,3.6,3.0,1.5,0.3,1.8,11.3
Marcus Georges-Hunt,Georgia Tech,130,.433,.329,.749,4.5,2.2,0.9,0.2,1.7,13.3
Jonathan Gibson,New Mexico State,131,.436,.398,.758,1.9,1.8,1.0,0.0,1.6,11.8
Treveon Graham,VCU,140,.432,.354,.691,5.8,1.4,0.8,0.2,1.4,13.4
A.J. Hammons,Purdue,132,.539,.261,.690,7.0,0.8,0.4,2.6,2.1,12.1
Andrew Harrison,Kentucky,79,.372,.367,.777,2.7,3.8,0.8,0.2,2.2,10.1
Buddy Hield,Oklahoma,132,.448,.390,.836,5.0,1.9,1.3,0.3,2.2,17.4
Danuel House,Texas A&M,62,.404,.344,.686,4.3,2.1,0.6,0.4,1.8,15.3
Brandon Ingram,Duke,36,.442,.410,.682,6.8,2.0,1.1,1.4,2.0,17.3
Demetrius Jackson,Pacific,57,.402,.348,.837,2.8,3.3,1.1,0.1,3.4,13.4
Pierre Jackson,Baylor,74,.441,.379,.808,3.3,6.5,1.6,0.0,3.5,16.7
Brice Johnson,UNC,148,.577,,.715,7.0,0.9,0.8,1.1,1.3,11.9
Damian Jones,Vanderbilt,99,.566,.125,.565,6.4,0.7,0.4,1.7,2.0,13.3
Derrick Jones,Samford,61,.443,.390,.634,4.1,2.1,0.6,0.3,2.8,11.2
Skal Labissiere,Kentucky,36,.516,.000,.661,3.1,0.3,0.3,1.6,0.9,6.6
Jake Layman,Maryland,141,.445,.362,.759,4.8,1.1,0.9,0.8,1.4,10.2
Caris LeVert,Michigan,103,.434,.401,.770,3.5,2.7,0.9,0.2,1.3,10.4
Shawn Long,Louisiana,135,.503,.341,.676,10.7,1.1,0.7,2.0,2.4,17.3
Patrick McCaw,UNLV,65,.439,.367,.753,4.2,3.3,2.0,0.4,1.9,12.2
Rodney McGruder,Kansas State,135,.452,.381,.759,4.8,1.4,0.9,0.3,1.3,11.7
Dejounte Murray,Washington,34,.416,.288,.663,6.0,4.4,1.8,0.3,3.2,16.1
Jamal Murray,Kentucky,36,.454,.408,.783,5.2,2.2,1.0,0.3,2.3,20.0
Maurice Ndour,Ohio,66,.498,.388,.757,7.6,1.6,0.8,1.9,2.7,14.8
Georges Niang,Iowa State,138,.500,.375,.763,5.2,3.1,0.7,0.5,2.3,16.1
David Nwaba,Cal Poly,88,.473,.167,.650,5.3,2.0,1.1,0.6,1.6,11.9
Daniel Ochefu,Villanova,141,.600,.000,.622,6.6,1.3,0.8,1.3,1.6,7.2
Chinanu Onuaku,Louisville,66,.619,.000,.547,6.4,1.1,0.8,1.6,1.7,6.2
Gary Payton,Oregon State,120,.485,.369,.684,4.0,7.8,2.7,0.5,3.3,18.1
Marshall Plumlee,Duke,124,.665,1.000,.555,3.8,0.5,0.4,0.8,0.5,3.4
Jakob Poeltl,Utah,70,.658,.000,.605,8.0,1.3,0.5,1.7,1.8,13.3
Alex Poythress,Kentucky,112,.551,.302,.686,5.3,0.5,0.4,0.7,1.3,8.6
Tim Quarterman,LSU,99,.397,.310,.660,3.9,3.1,1.0,0.4,1.7,8.4
Chasson Randle,Stanford,144,.428,.386,.806,3.3,2.5,1.2,0.1,2.3,16.5
Malachi Richardson,Syracuse,37,.369,.353,.720,4.3,2.1,1.1,0.3,2.1,13.4
Domantas Sabonis,Gonzaga,74,.632,.357,.729,9.4,1.3,0.5,0.6,2.0,13.5
Wayne Selden,Kansas,109,.436,.366,.632,3.0,2.6,0.7,0.4,1.9,11.0
Pascal Siakam,New Mexico State,68,.551,.176,.711,9.7,1.5,0.9,2.0,1.9,16.6
Diamond Stone,Maryland,35,.568,,.761,5.4,0.4,0.5,1.6,1.5,12.5
Isaiah Taylor,Texas,92,.404,.294,.792,3.1,4.5,1.0,0.1,2.3,13.6
Mike Tobey,Virginia,138,.531,.316,.704,4.0,0.4,0.2,0.7,0.8,6.8
Tyler Ulis,Kentucky,72,.427,.371,.846,2.4,5.3,1.2,0.1,1.5,11.3
Jarrod Uthoff,Iowa,100,.450,.383,.795,5.8,1.2,0.8,1.8,1.0,13.0
Denzel Valentine,Michigan State,144,.442,.408,.779,5.9,4.4,0.9,0.3,2.2,11.4
Okaro White,Florida State,139,.494,.327,.799,5.1,0.7,0.7,0.8,1.6,10.1
Isaiah Whitehead,Seton Hall,56,.375,.359,.757,3.7,4.5,1.3,1.1,3.4,15.8
Troy Williams,Centenary (LA),37,.618,,.733,1.9,0.1,0.2,0.3,,1.4
Kyle Wiltjer,Gonzaga,74,.514,.449,.828,6.3,1.7,0.4,0.7,1.6,18.6
Cliff Alexander,Kansas,28,.566,,.671,5.3,0.4,0.2,1.3,1.0,7.1
Justin Anderson,Virginia,98,.430,.357,.752,3.5,1.8,0.6,0.9,1.3,8.9
Keith Appling,Michigan State,142,.431,.334,.748,3.0,3.3,1.1,0.5,2.1,10.6
Devin Booker,Clemson,128,.496,.275,.658,5.7,0.8,0.6,0.6,1.6,9.0
Anthony Brown,Oklahoma State,47,.482,.143,.569,2.3,0.3,0.3,0.4,0.4,3.0
Willie Cauley-Stein,Kentucky,105,.593,,.508,6.2,0.9,1.1,2.2,1.2,8.0
Rakeem Christmas,Syracuse,142,.560,.000,.681,5.3,0.6,0.5,1.7,1.1,7.4
Coty Clarke,Arkansas,65,.469,.442,.777,5.4,1.8,1.5,0.6,1.3,8.6
Pat Connaughton,Notre Dame,139,.450,.386,.777,5.9,1.8,0.7,0.5,1.0,10.5
Branden Dawson,Michigan State,130,.559,.000,.558,6.9,1.4,1.3,1.1,1.7,10.1
Sam Dekker,Wisconsin,113,.493,.348,.695,5.0,1.3,0.6,0.5,1.0,12.1
Duje Dukan,Wisconsin,97,.427,.328,.656,1.7,0.4,0.1,0.0,0.4,3.1
Jarell Eddie,Virginia Tech,123,.385,.365,.812,4.6,1.1,0.3,0.5,1.5,9.6
Jerian Grant,Notre Dame,119,.436,.345,.790,2.9,5.8,1.5,0.3,2.2,14.6
Montrezl Harrell,Louisville,112,.586,.275,.533,6.9,0.9,0.8,1.1,1.3,11.6
Aaron Harrison,Kentucky,79,.410,.335,.787,2.8,1.6,1.1,0.2,1.3,12.4
Darrun Hilliard,Villanova,132,.436,.367,.748,3.0,1.9,1.3,0.4,1.6,11.4
Rondae Hollis-Jefferson,Arizona,76,.496,.205,.697,6.3,1.5,0.9,0.9,1.4,10.2
Richaun Holmes,Bowling Green State,95,.554,.353,.697,6.9,0.7,0.8,2.6,1.5,11.5
Josh Huestis,Stanford,135,.451,.319,.610,6.2,0.8,0.5,1.4,0.9,7.5
R.J. Hunter,Georgia State,99,.423,.354,.853,4.8,2.4,1.9,0.9,1.7,18.4
Stanley Johnson,Arizona,38,.446,.371,.742,6.5,1.7,1.5,0.4,2.2,13.8
Tyus Jones,Duke,39,.417,.379,.889,3.5,5.6,1.5,0.1,1.9,11.8
Frank Kaminsky,Wisconsin,144,.522,.369,.763,4.6,1.3,0.5,1.1,0.8,10.1
Sasha Kaun,Kansas,135,.568,,.512,3.9,0.3,0.4,1.1,0.8,6.1
Kevon Looney,UCLA,36,.470,.415,.626,9.2,1.4,1.3,0.9,1.3,11.6
Trey Lyles,Kentucky,36,.488,.138,.735,5.2,1.1,0.5,0.4,1.1,8.7
Jarell Martin,LSU,65,.494,.308,.689,6.9,1.4,1.0,0.7,2.2,13.7
T.J. McConnell,Arizona,76,.477,.343,.742,3.7,5.8,1.9,0.1,1.9,9.4
Chris McCullough,Syracuse,16,.478,1.000,.563,6.9,1.1,1.7,2.1,2.2,9.3
Jordan McRae,Tennessee,114,.417,.343,.769,3.3,1.8,0.6,0.9,2.0,13.3
Jordan Mickey,LSU,65,.518,.071,.669,8.8,1.2,0.8,3.4,2.8,14.0
Xavier Munford,Rhode Island,61,.398,.335,.710,3.4,2.2,1.1,0.4,2.7,17.1
Larry Nance,,Clemson,4.7,,2.0,6.7,1.5,0.9,0.9,1.9,11.5
J.J. O'Brien,San Diego State,105,.481,.288,.605,4.8,1.7,1.0,0.3,1.4,8.5
Jahlil Okafor,Duke,38,.664,,.510,8.5,1.3,0.8,1.4,2.5,17.3
Kelly Oubre,Kansas,36,.444,.358,.718,5.0,0.8,1.1,0.4,1.2,9.3
Lamar Patterson,Pitt,149,.435,.369,.723,3.9,2.9,1.0,0.3,1.6,9.5
Cameron Payne,Murray State,69,.432,.359,.781,3.7,5.7,1.8,0.5,2.9,18.5
Bobby Portis,Arkansas,70,.526,.365,.737,7.9,1.3,1.1,1.5,1.4,15.0
Norman Powell,UCLA,141,.461,.314,.746,3.0,1.5,1.1,0.4,1.3,9.8
Willie Reed,Saint Louis,67,.574,,.500,6.3,0.5,0.5,1.7,1.4,10.2
Josh Richardson,North Texas,28,.445,.000,.560,2.8,0.5,0.5,0.1,1.0,6.1
Terry Rozier,Louisville,73,.408,.331,.772,4.3,2.4,1.5,0.1,1.4,12.0
D'Angelo Russell,Ohio State,35,.449,.411,.756,5.7,5.0,1.6,0.3,2.9,19.3
Jonathon Simmons,Houston,30,.512,.386,.716,5.0,2.2,0.7,0.4,3.3,14.7
Alex Stepheson,USC,62,.518,,.505,8.3,0.2,0.3,1.3,1.6,9.2
Karl-Anthony Towns,Kentucky,39,.566,.250,.813,6.7,1.1,0.5,2.3,1.4,10.3
Myles Turner,Texas,34,.455,.274,.839,6.5,0.6,0.3,2.6,1.4,10.1
Rashad Vaughn,UNLV,23,.439,.383,.694,4.8,1.6,0.8,0.3,2.2,17.8
Briante Weber,VCU,127,.426,.274,.769,3.3,3.0,2.9,0.2,1.5,6.8
Alan Williams,Wake Forest,29,.429,.333,.750,0.4,0.1,0.1,0.0,0.0,0.9
Justise Winslow,Duke,39,.486,.418,.641,6.5,2.1,1.3,0.9,1.8,12.6
Christian Wood,UNLV,63,.477,.261,.747,6.8,0.8,0.3,1.9,1.5,10.4
Delon Wright,Utah,68,.535,.299,.814,5.8,5.2,2.3,1.1,2.2,15.0
Joe Young,Canisius,29,.377,.340,.737,1.8,0.6,0.6,0.1,0.7,3.8
Jordan Adams,UCLA,69,.467,.331,.839,4.6,2.1,2.4,0.2,1.4,16.4
Cameron Bairstow,New Mexico,134,.517,.333,.717,4.8,0.8,0.5,0.7,1.2,9.2
Jerrelle Benimon,Towson,67,.531,.366,.689,11.2,3.1,0.7,1.6,3.6,18.0
Sim Bhullar,New Mexico State,65,.633,,.496,7.2,1.0,0.1,2.9,1.6,10.2
Tarik Black,Kansas,33,.692,.000,.600,3.9,0.3,0.3,0.5,0.7,5.5
Jabari Brown,Missouri,60,.444,.391,.794,4.0,1.7,0.7,0.1,2.1,17.3
Markel Brown,Oklahoma State,134,.439,.347,.733,4.3,2.3,1.0,0.8,1.8,12.4
Will Cherry,Montana,116,.430,.285,.718,3.6,3.4,2.3,0.3,2.4,12.8
Patrick Christopher,California,134,.450,.342,.816,3.8,1.8,0.8,0.1,1.5,12.7
Jordan Clarkson,Missouri,35,.448,.281,.831,3.8,3.4,1.1,0.2,2.7,17.5
Jack Cooley,Notre Dame,123,.601,.500,.663,6.4,0.5,0.4,0.9,0.9,8.3
Bryce Cotton,Providence,130,.421,.361,.838,2.8,3.0,0.9,0.1,1.5,15.2
Andre Dawkins,Duke,142,.433,.407,.769,1.6,0.5,0.4,0.1,0.6,7.1
Spencer Dinwiddie,Colorado,86,.420,.386,.830,3.3,2.6,1.1,0.3,1.8,13.0
Larry Drew,5.0,0.2,3.54,4.8,2.5,2.8,3.7,1.1,0.1,3.7,12.0
Cleanthony Early,Wichita State,75,.470,.348,.819,5.7,0.7,0.8,0.8,1.7,15.1
James Ennis,Long Beach State,67,.493,.354,.788,5.4,2.4,1.7,1.0,2.5,13.2
Tyler Ennis,Syracuse,34,.411,.353,.765,3.4,5.5,2.1,0.2,1.7,12.9
Tim Frazier,Penn State,135,.418,.310,.774,3.9,4.7,1.5,0.1,2.6,11.4
Langston Galloway,St. Joseph's,133,.438,.426,.821,4.5,2.2,1.3,0.5,1.2,15.0
Aaron Gordon,Arizona,38,.495,.356,.422,8.0,2.0,0.9,1.0,1.4,12.4
Drew Gordon,New Mexico,61,.535,1.000,.722,10.8,1.0,0.9,1.1,2.3,13.4
Jerami Grant,Syracuse,72,.486,.300,.641,4.7,0.9,0.6,0.5,0.9,7.5
Erick Green,Virginia Tech,129,.437,.338,.804,2.6,2.5,1.2,0.2,1.4,13.5
JaMychal Green,Alabama,123,.519,.176,.711,7.4,1.2,1.0,1.7,2.5,13.5
P.J. Hairston,UNC,71,.388,.349,.800,3.2,1.0,0.8,0.3,0.9,10.0
Gary Harris,Michigan State,69,.440,.376,.788,3.3,2.0,1.6,0.3,1.6,14.9
Joe Harris,Central Arkansas,15,.452,.375,.000,1.6,0.3,0.2,0.0,0.4,3.1
Rodney Hood,Duke,35,.464,.420,.807,3.9,2.1,0.7,0.3,1.5,16.1
Cory Jefferson,Baylor,130,.543,.340,.660,5.6,0.4,0.3,1.3,0.8,8.9
Grant Jerrett,Arizona,34,.409,.405,.818,3.6,0.5,0.5,1.0,0.6,5.2
Nick Johnson,Arizona,108,.421,.359,.734,3.7,2.8,1.3,0.6,1.8,12.3
Tyler Johnson,Centenary (LA),5,.333,1.000,,0.6,0.2,0.2,0.0,0.0,0.6
Sean Kilpatrick,Cincinnati,140,.419,.347,.780,4.3,2.0,1.2,0.2,1.7,15.3
Alex Kirk,Washington State,4,,,,0.0,0.3,0.0,0.0,0.0,0.0
Zach LaVine,UCLA,37,.441,.375,.691,2.5,1.8,0.9,0.2,1.1,9.4
Kalin Lucas,Michigan State,141,.425,.377,.796,1.9,4.0,1.0,0.1,2.3,14.2
James Michael McAdoo,UNC,108,.447,.000,.569,5.9,1.0,1.2,0.5,1.6,11.4
K.J. McDaniels,Clemson,94,.450,.313,.767,4.8,0.9,0.9,1.9,1.5,11.0
Doug McDermott,Creighton,145,.550,.458,.831,7.5,1.3,0.2,0.1,2.2,21.7
Mitch McGary,Michigan,47,.588,.000,.513,6.6,0.8,1.2,0.7,1.3,7.8
Jerel McNeal,Marquette,130,.440,.347,.717,4.7,3.5,2.2,0.5,3.4,15.3
Elijah Millsap,Alabama-Birmingham,34,.435,.241,.695,9.5,1.8,1.6,0.3,3.5,16.1
Eric Moreland,Oregon State,89,.535,.333,.531,8.6,1.3,0.8,2.1,1.8,7.2
Shabazz Napier,UConn,143,.411,.375,.813,4.0,4.5,1.8,0.2,2.4,13.7
Nerlens Noel,Kentucky,24,.590,,.529,9.5,1.6,2.1,4.4,1.9,10.5
Johnny O'Bryant,LSU,91,.467,.222,.619,7.7,1.3,0.5,0.8,2.9,12.7
Jabari Parker,Duke,35,.473,.358,.748,8.7,1.2,1.1,1.2,2.3,19.1
Adreian Payne,Michigan State,138,.526,.409,.755,5.3,0.6,0.6,1.0,1.4,8.9
Elfrid Payton,Louisiana,100,.485,.268,.611,5.1,4.9,2.0,0.5,3.4,14.3
Dwight Powell,Stanford,136,.464,.289,.722,6.3,1.8,0.9,0.9,2.1,10.8
Julius Randle,Kentucky,40,.501,.167,.706,10.4,1.4,0.5,0.8,2.5,15.0
Glenn Robinson,Purdue,62,.479,.385,.773,9.7,1.9,1.8,1.0,3.9,27.5
JaKarr Sampson,St. John's (NY),66,.469,.077,.607,6.4,1.1,0.9,1.0,1.8,13.9
Marcus Smart,Oklahoma State,64,.413,.295,.751,5.9,4.5,2.9,0.6,3.0,16.6
Russ Smith,Louisville,133,.413,.345,.760,2.7,2.8,1.9,0.1,2.4,14.3
Nik Stauskas,Michigan,75,.467,.441,.832,2.9,2.3,0.6,0.3,1.5,14.1
David Stockton,Gonzaga,138,.424,.306,.700,1.6,3.1,1.2,0.1,1.5,4.8
Jarnell Stokes,Tennessee,87,.530,.000,.628,9.6,1.5,0.7,1.1,2.1,13.0
Noah Vonleh,Indiana,30,.523,.485,.716,9.0,0.6,0.9,1.4,2.1,11.3
T.J. Warren,NC State,70,.555,.315,.654,5.7,1.0,1.5,0.5,1.7,18.5
David Wear,UCLA,103,.477,.413,.755,5.0,0.8,0.6,0.2,1.0,7.9
Travis Wear,UCLA,96,.517,.400,.807,4.7,0.8,0.7,1.0,0.9,9.8
Shayne Whittington,Western Michigan,114,.515,.167,.760,6.5,0.7,0.5,1.1,1.3,9.8
Andrew Wiggins,Kansas,35,.448,.341,.775,5.9,1.5,1.2,1.0,2.3,17.1
C.J. Wilcox,Washington,131,.433,.389,.840,3.4,1.6,0.9,0.7,1.4,14.4
James Young,Kentucky,40,.407,.349,.706,4.3,1.7,0.8,0.2,1.9,14.3
Steven Adams,Pitt,32,.571,,.443,6.3,0.6,0.7,2.0,1.1,7.2
Chris Babb,Iowa State,67,.385,.353,.714,3.8,1.9,1.1,0.2,0.8,8.4
Anthony Bennett,UNLV,35,.533,.375,.701,8.1,1.0,0.7,1.2,1.9,16.1
Vander Blue,Marquette,106,.429,.277,.704,3.5,2.0,1.0,0.1,2.0,9.3
Lorenzo Brown,NC State,101,.429,.305,.741,4.2,5.8,1.7,0.5,3.0,11.6
Reggie Bullock,Morgan State,46,.426,.100,.522,2.0,0.4,0.6,0.1,,2.8
Trey Burke,Michigan,73,.450,.367,.777,3.3,5.7,1.3,0.5,2.5,16.9
Dwight Buycks,Marquette,68,.443,.360,.687,3.0,2.8,1.1,0.0,2.0,7.7
Nick Calathes,Florida,72,.455,.380,.715,5.3,6.3,1.8,0.1,3.1,16.3
Kentavious Caldwell-Pope,Georgia,64,.415,.339,.752,6.1,1.5,1.9,0.4,1.6,15.8
Isaiah Canaan,Murray State,132,.450,.419,.803,2.8,2.9,1.2,0.1,2.4,15.5
Michael Carter-Williams,Syracuse,66,.398,.307,.679,3.6,5.2,2.0,0.4,2.3,8.2
Dionte Christmas,Temple,130,.426,.360,.778,4.4,2.0,1.2,0.2,2.2,15.7
Ian Clark,Belmont,133,.484,.425,.810,2.9,2.2,1.2,0.2,2.1,14.4
Robert Covington,Tennessee State,118,.476,.422,.802,7.4,1.2,1.5,1.3,2.3,14.8
Allen Crabbe,California,98,.446,.382,.819,5.7,2.2,0.9,0.6,1.9,15.7
Seth Curry,Duke,106,.439,.420,.825,2.3,2.0,1.2,0.2,1.4,13.2
Troy Daniels,VCU,125,.389,.386,.782,2.1,0.4,0.6,0.1,0.6,7.3
Brandon Davies,BYU,135,.522,.333,.660,6.2,1.6,1.0,0.9,2.1,12.4
Dewayne Dedmon,USC,51,.520,.000,.614,6.4,0.5,0.9,1.7,1.5,7.1
Matthew Dellavedova,Saint Mary's,136,.415,.378,.860,3.4,5.6,1.1,0.1,2.5,14.2
Gorgui Dieng,Louisville,102,.545,.333,.640,7.9,1.2,1.0,2.6,1.6,8.3
Shane Edwards,Little Rock,62,.472,.298,.642,4.7,1.0,0.8,0.6,1.7,9.0
Carrick Felix,Arizona State,94,.456,.326,.704,4.8,1.3,1.0,0.8,1.7,10.2
Jamaal Franklin,San Diego State,85,.426,.302,.780,7.0,1.9,1.0,0.6,2.6,13.7
Archie Goodwin,Kentucky,33,.440,.266,.637,4.6,2.7,1.1,0.5,3.1,14.1
Justin Hamilton,Florida,113,.489,.331,.739,2.6,2.7,1.5,0.3,1.5,6.9
Tim Hardaway,UTEP,124,.486,.352,.718,2.6,4.5,2.1,0.2,2.0,12.8
Elias Harris,Gonzaga,135,.517,.356,.723,7.3,1.3,0.9,0.5,1.8,13.8
Solomon Hill,Arizona,139,.481,.375,.745,5.6,2.2,0.9,0.4,2.1,10.3
Scotty Hopson,Tennessee,103,.444,.354,.671,3.1,1.3,0.8,0.2,2.1,12.7
Robbie Hummel,Purdue,127,.443,.389,.841,6.8,2.1,1.0,0.9,1.1,14.0
Ryan Kelly,Eastern Illinois,41,.529,.000,.474,1.9,0.4,0.2,0.3,0.6,1.8
Shane Larkin,Miami (FL),68,.438,.375,.808,3.2,3.6,1.8,0.1,2.1,11.2
Alex Len,Maryland,60,.538,.111,.663,7.0,0.8,0.2,2.1,1.6,9.7
Ray McCallum,,Ball State,7.4,,3.6,2.1,2.4,1.3,0.2,1.9,18.3
CJ McCollum,Lehigh,111,.439,.377,.825,6.3,2.7,2.1,0.5,2.4,21.3
Ben McLemore,Kansas,37,.495,.420,.870,5.2,2.0,1.0,0.7,2.1,15.9
Gal Mekel,Wichita State,62,.379,.306,.809,2.1,2.7,0.4,0.0,2.0,6.7
Tony Mitchell,North Carolina A&T,70,.333,.274,.455,1.5,0.5,0.2,0.1,,2.4
Tony Mitchell,North Carolina A&T,70,.333,.274,.455,1.5,0.5,0.2,0.1,,2.4
Shabazz Muhammad,UCLA,32,.443,.377,.711,5.2,0.8,0.7,0.1,1.6,17.9
Erik Murphy,Florida,136,.514,.435,.757,3.7,0.7,0.4,0.6,1.0,7.7
Toure' Murry,Wichita State,139,.405,.311,.763,4.5,3.1,1.3,0.3,2.4,11.1
Mike Muscala,Bucknell,133,.501,.313,.819,8.2,1.6,0.4,2.0,1.6,15.3
James Nunnally,UCSB,123,.465,.386,.784,5.1,2.0,0.6,0.2,2.2,13.7
Victor Oladipo,Indiana,104,.538,.338,.716,5.2,1.7,1.5,0.5,2.0,10.7
Kelly Olynyk,Gonzaga,101,.594,.333,.709,4.6,1.1,0.5,0.5,1.4,8.9
Arinze Onuaku,Syracuse,134,.648,,.395,6.0,0.5,0.7,1.1,1.4,9.2
Mason Plumlee,Duke,141,.574,.200,.583,7.7,1.5,0.8,1.4,2.0,9.8
Otto Porter,Georgetown,64,.498,.355,.751,7.1,2.1,1.5,0.9,1.3,12.8
Phil Pressey,Missouri,99,.395,.347,.757,3.0,5.9,2.0,0.1,2.7,9.7
Glen Rice,Michigan,134,.569,.480,.797,6.4,2.0,0.8,0.3,1.8,18.2
Andre Roberson,Colorado,105,.516,.350,.582,10.0,1.1,1.6,1.4,1.7,9.6
Peyton Siva,Louisville,144,.417,.291,.737,2.4,4.7,1.8,0.1,2.7,8.4
Chris Smith,UConn,127,.421,.400,.761,2.9,3.4,1.5,0.3,2.3,16.9
Tony Snell,New Mexico,104,.421,.380,.821,2.4,2.0,0.5,0.3,1.5,9.2
James Southerland,Syracuse,112,.449,.370,.740,3.3,0.6,0.9,0.8,0.6,7.9
D.J. Stephens,Memphis,129,.627,.370,.633,3.4,0.3,0.5,1.2,0.4,4.0
Adonis Thomas,Memphis,55,.426,.325,.745,4.0,1.5,0.6,0.7,1.5,10.7
Hollis Thompson,Georgetown,99,.478,.440,.676,4.1,1.1,0.8,0.4,1.1,8.7
Casper Ware,Long Beach State,131,.402,.349,.784,2.5,4.2,1.6,0.1,2.8,14.1
Royce White,Iowa State,34,.534,.333,.498,9.3,5.0,1.2,0.9,3.8,13.4
Jeff Withey,Kansas,117,.568,1.000,.726,5.4,0.6,0.5,2.7,1.2,8.0
Nate Wolters,South Dakota State,127,.450,.342,.803,4.7,5.3,1.5,0.2,2.2,18.5
Cody Zeller,Indiana,72,.592,.000,.756,7.3,1.3,1.2,1.2,2.0,16.1
Quincy Acy,Baylor,139,.602,.429,.708,6.0,0.6,0.7,1.3,1.5,9.8
Josh Akognon,Cal State Fullerton,64,.422,.381,.895,3.3,1.5,1.2,0.1,2.2,22.0
Harrison Barnes,UNC,75,.430,.349,.734,5.5,1.3,0.9,0.4,1.9,16.3
Will Barton,Memphis,70,.471,.299,.733,6.5,2.9,1.5,0.6,2.3,15.2
Aron Baynes,Washington State,122,.546,.333,.698,5.4,0.3,0.3,0.8,1.2,8.7
Kent Bazemore,Old Dominion,140,.447,.334,.581,4.6,2.7,1.8,0.5,2.3,10.1
Bradley Beal,Florida,37,.445,.339,.769,6.7,2.2,1.4,0.8,2.1,14.8
Patrick Beverley,Arkansas,70,.420,.382,.730,5.5,2.8,1.5,0.4,2.0,13.0
Chris Copeland,Colorado,113,.431,.361,.701,3.8,1.0,0.4,0.8,1.2,7.5
Jae Crowder,Marquette,72,.492,.350,.683,7.6,1.8,1.9,0.9,1.0,14.6
Jared Cunningham,Cleveland State,33,.377,.329,.750,2.6,0.4,0.4,0.4,0.7,5.2
Anthony Davis,Austin Peay,124,.420,.311,.728,4.4,2.3,1.6,0.3,2.0,13.3
Andre Drummond,UConn,34,.538,.000,.295,7.6,0.4,0.8,2.7,1.5,10.0
Kim English,Missouri,141,.420,.394,.727,3.0,1.4,1.1,0.2,1.7,11.1
Festus Ezeli,Vanderbilt,121,.562,,.584,4.5,0.1,0.3,1.7,1.6,7.7
Diante Garrett,Iowa State,128,.407,.297,.729,2.8,4.8,1.2,0.2,2.8,10.7
Draymond Green,Michigan State,145,.467,.361,.687,7.6,2.9,1.2,0.8,1.9,10.5
Ben Hansbrough,Notre Dame,69,.469,.425,.780,3.9,4.3,1.1,0.1,2.1,15.1
Maurice Harkless,St. John's (NY),32,.452,.215,.676,8.6,1.5,1.6,1.4,2.5,15.5
John Henson,UNC,109,.497,.208,.484,8.1,1.0,0.6,2.5,1.5,10.3
Justin Holiday,Washington,123,.443,.343,.736,3.6,1.5,0.8,0.5,1.0,5.3
John Jenkins,Vanderbilt,98,.468,.438,.856,2.7,1.1,0.7,0.3,1.3,16.9
Chris Johnson,Dayton,138,.427,.371,.826,6.1,1.1,0.8,0.4,1.1,10.6
Orlando Johnson,UCSB,93,.468,.411,.736,5.8,2.7,1.0,0.6,2.6,19.6
Darius Johnson-Odom,Marquette,105,.444,.403,.722,3.1,2.5,0.9,0.2,2.1,15.7
DeQuan Jones,Miami (FL),111,.440,.169,.632,2.4,0.5,0.5,0.5,1.1,4.6
Kevin Jones,Bradley,9,.000,.000,.000,0.0,0.1,0.0,0.0,0.0,0.0
Perry Jones,Baylor,63,.522,.279,.678,7.4,1.2,0.7,0.7,2.0,13.7
Terrence Jones,Kentucky,76,.467,.328,.638,8.0,1.5,1.2,1.8,1.8,14.0
Kris Joseph,Syracuse,140,.449,.331,.702,4.5,1.5,1.3,0.5,1.6,10.5
Michael Kidd-Gilchrist,Kentucky,40,.491,.255,.745,7.4,1.9,1.0,0.9,2.2,11.9
Doron Lamb,Kentucky,78,.485,.475,.811,2.3,1.6,0.5,0.1,1.2,13.1
Jeremy Lamb,UConn,75,.482,.348,.806,4.7,1.7,1.0,0.6,1.6,14.1
Meyers Leonard,Illinois,65,.567,.083,.729,4.7,0.7,0.3,1.1,1.4,7.7
Damian Lillard,Weber State,104,.446,.390,.867,4.3,3.5,1.2,0.2,2.4,18.6
Scott Machado,Iona,132,.429,.342,.740,3.9,6.7,1.4,0.1,3.3,12.2
Kendall Marshall,UNC,73,.446,.366,.693,2.3,8.0,1.1,0.1,2.6,7.2
Fab Melo,Syracuse,63,.576,,.553,3.8,0.5,0.4,1.8,1.1,4.9
Khris Middleton,Texas A&M,87,.431,.321,.768,4.6,2.0,1.0,0.2,2.0,11.3
Darius Miller,Kentucky,152,.448,.379,.815,3.2,1.8,0.8,0.7,1.4,8.2
Quincy Miller,Baylor,37,.447,.348,.816,4.9,1.4,0.7,0.6,1.8,10.6
Arnett Moultrie,Mississippi State,30,.549,.444,.780,10.5,1.2,0.8,0.8,2.4,16.4
Kevin Murphy,Tennessee Tech,128,.443,.372,.734,4.2,1.9,0.8,0.2,3.0,15.8
Andrew Nicholson,St. Bonaventure,123,.575,.377,.720,7.2,0.7,0.5,2.0,2.4,17.1
Kyle O'Quinn,Norfolk State,129,.553,.261,.685,8.5,0.9,0.5,2.2,2.0,12.5
Miles Plumlee,Duke,135,.557,1.000,.625,4.8,0.3,0.5,0.6,1.0,4.8
Austin Rivers,Duke,34,.433,.365,.658,3.4,2.1,1.0,0.0,2.3,15.5
Brian Roberts,Dayton,125,.452,.441,.849,3.0,2.8,0.5,0.1,2.2,15.7
Terrence Ross,Washington,69,.453,.364,.764,4.7,1.2,0.9,0.7,1.4,12.3
Robert Sacre,Gonzaga,136,.504,.250,.735,5.0,0.7,0.5,1.4,1.6,9.3
Mike Scott,Eastern Kentucky,55,.389,.286,.677,3.5,2.0,1.3,0.1,1.6,6.2
Henry Sims,Georgetown,121,.479,.118,.654,3.2,1.4,0.3,0.8,1.3,4.9
Kyle Singler,Duke,148,.433,.363,.773,6.9,2.0,1.1,0.7,2.1,16.2
Jared Sullinger,Ohio State,74,.530,.365,.733,9.7,1.2,1.1,0.8,1.8,17.3
Jeffery Taylor,Vanderbilt,134,.483,.358,.693,5.6,1.9,1.1,0.4,2.3,14.2
Tyshawn Taylor,Kansas,146,.477,.370,.708,2.2,3.9,1.2,0.2,2.6,10.8
Marquis Teague,Kentucky,40,.412,.325,.714,2.5,4.8,0.9,0.3,2.7,10.0
Jarvis Varnado,Mississippi State,141,.589,.250,.595,7.8,0.6,0.5,4.0,1.4,10.0
Dion Waiters,Syracuse,71,.453,.348,.753,1.9,2.0,1.5,0.2,1.1,9.7
Maalik Wayns,Villanova,95,.412,.291,.848,2.7,3.4,0.9,0.0,2.3,12.5
Chris Wright,Dayton,123,.489,.229,.662,7.2,1.2,0.8,1.3,2.5,13.0
Tony Wroten,Washington,35,.443,.161,.583,5.0,3.7,1.9,0.4,3.8,16.0
Luke Zeller,Notre Dame,128,.417,.360,.574,2.5,0.6,0.2,0.3,0.6,4.2
Tyler Zeller,UNC,117,.543,.000,.775,6.7,0.6,0.7,1.1,1.4,12.8
Lavoy Allen,Temple,135,.534,.288,.671,8.5,2.1,0.5,1.6,1.4,10.5
Keith Benson,Oakland,135,.558,.379,.679,8.2,0.7,0.5,2.7,1.4,14.1
MarShon Brooks,Providence,113,.464,.333,.739,4.3,1.5,1.1,0.7,1.8,14.4
Alec Burks,Colorado,68,.495,.313,.804,5.8,2.4,1.1,0.4,2.3,19.0
Jimmy Butler,Marquette,106,.508,.383,.773,5.5,1.7,1.1,0.5,1.0,12.0
Derrick Byars,Vanderbilt,64,.467,.400,.713,4.3,3.3,1.2,0.2,2.4,14.8
Norris Cole,Cleveland State,140,.435,.321,.826,3.2,3.3,1.5,0.1,2.0,14.1
Justin Dentmon,Washington,133,.428,.349,.789,3.2,3.0,1.4,0.1,2.3,10.7
Jerome Dyson,UConn,113,.390,.318,.735,3.9,2.9,1.7,0.5,2.8,14.4
Kenneth Faried,Morehead State,136,.569,.250,.583,12.3,0.9,1.7,1.8,2.2,14.8
Jeff Foote,Cornell,87,.573,,.603,7.3,2.1,0.4,1.8,2.0,11.0
Courtney Fortson,Arkansas,47,.397,.311,.677,5.4,5.9,1.2,0.1,4.7,16.0
Jimmer Fredette,BYU,139,.455,.394,.882,2.6,3.7,1.2,0.1,2.5,18.7
Mickell Gladness,Alabama A&M,85,.442,.000,.667,7.0,0.5,0.6,4.7,1.6,7.3
Andrew Goudelock,College of Charleston,140,.457,.413,.838,3.3,3.0,0.9,0.3,2.2,18.4
Jordan Hamilton,Lehigh,93,.425,.324,.753,1.4,0.5,0.3,0.3,0.7,4.3
Justin Harper,Richmond,137,.483,.382,.711,4.8,0.7,0.6,0.8,1.3,10.6
Josh Harrellson,Kentucky,94,.549,.310,.649,4.7,0.4,0.5,0.9,0.6,4.7
Terrel Harris,Oklahoma State,134,.440,.366,.815,3.8,1.5,1.3,0.2,2.1,9.8
Tobias Harris,Tennessee,34,.460,.303,.753,7.3,1.3,0.7,0.9,1.8,15.3
Cory Higgins,Colorado,132,.467,.347,.825,4.1,2.4,1.5,0.4,2.3,15.2
Darington Hobson,New Mexico,35,.440,.361,.653,9.3,4.6,1.3,0.4,3.0,15.9
Tyler Honeycutt,UCLA,59,.431,.359,.684,6.9,2.8,1.2,1.7,2.8,10.3
Dennis Horner,NC State,128,.468,.358,.781,2.9,0.9,0.5,0.5,0.9,6.8
Kyrie Irving,Duke,11,.529,.462,.901,3.4,4.3,1.5,0.5,2.5,17.5
Reggie Jackson,Boston College,99,.465,.351,.753,4.4,3.5,0.8,0.5,2.1,12.7
Charles Jenkins,Hofstra,128,.456,.382,.811,4.3,3.8,1.7,0.6,3.0,19.6
Carldell Johnson,Alabama-Birmingham,96,.405,.401,.716,2.3,5.0,2.3,0.0,1.6,5.7
Ivan Johnson,Oregon,28,.500,.000,.634,3.2,0.4,0.9,0.3,1.7,7.5
JaJuan Johnson,Purdue,140,.501,.250,.743,6.1,0.7,0.7,1.9,1.3,13.7
Jerome Jordan,Tulsa,133,.567,,.696,7.4,0.8,0.4,2.5,2.0,11.3
Cory Joseph,Texas,36,.422,.413,.699,3.6,3.0,1.0,0.3,1.5,10.4
D.J. Kennedy,St. John's (NY),129,.436,.358,.746,6.1,2.4,1.4,0.5,2.1,11.7
Brandon Knight,Kentucky,38,.423,.377,.795,4.0,4.2,0.7,0.2,3.2,17.3
Malcolm Lee,UCLA,94,.441,.278,.717,3.0,2.0,0.8,0.2,1.7,9.7
Kawhi Leonard,San Diego State,70,.449,.250,.744,10.2,2.2,1.4,0.6,2.2,14.1
Travis Leslie,Georgia,90,.482,.333,.743,6.1,2.1,1.1,0.7,2.0,12.2
Jon Leuer,Wisconsin,123,.482,.368,.723,4.5,1.1,0.4,0.7,1.2,11.2
DeAndre Liggins,Kentucky,100,.407,.332,.643,3.0,2.1,0.9,0.5,1.5,5.8
Shelvin Mack,Butler,108,.419,.357,.755,4.2,3.3,1.1,0.1,2.2,14.1
Vernon Macklin,Florida,71,.599,,.511,5.5,0.8,0.5,0.8,1.5,11.1
E'Twaun Moore,Purdue,140,.440,.380,.729,4.4,2.9,1.2,0.4,2.1,15.3
Darius Morris,Michigan,67,.469,.223,.695,2.9,4.8,0.8,0.1,2.3,9.9
Marcus Morris,Kansas,109,.555,.358,.660,6.2,1.3,0.9,0.4,1.6,12.6
Markieff Morris,Kansas,109,.553,.404,.653,6.1,1.2,0.6,0.9,1.6,8.5
Daniel Orton,Kentucky,38,.527,.000,.524,3.3,0.4,0.6,1.4,1.0,3.4
Jeremy Pargo,Gonzaga,134,.465,.311,.704,3.4,4.4,1.3,0.1,2.7,9.3
Chandler Parsons,Florida,142,.477,.337,.611,6.0,2.4,0.9,0.3,1.6,10.2
Ryan Reid,Florida State,126,.495,1.000,.604,3.9,0.7,0.5,0.6,1.6,5.0
Walker Russell,,Western Michigan,7.4,,3.7,4.0,,,,,18.4
Josh Selby,Kansas,26,.373,.362,.757,2.2,2.2,0.8,0.0,2.0,7.9
Iman Shumpert,Georgia Tech,92,.396,.305,.738,4.5,4.2,2.3,0.2,3.0,12.7
Xavier Silas,Northern Illinois,51,.421,.361,.831,4.9,1.7,1.0,0.4,3.2,21.0
Chris Singleton,Florida State,95,.419,.330,.592,6.2,1.5,1.9,1.4,2.4,10.3
Donald Sloan,Texas A&M,138,.428,.336,.732,3.3,2.7,0.6,0.1,1.9,11.0
Greg Smith,Delaware State,49,.391,.667,.688,1.7,0.2,0.3,0.3,0.4,2.5
Jerry Smith,Louisville,138,.454,.389,.730,3.1,1.7,1.3,0.2,1.4,8.7
Nolan Smith,Duke,143,.448,.368,.800,2.8,2.8,1.0,0.1,2.0,13.4
Greg Stiemsma,Wisconsin,95,.545,.000,.759,2.3,0.8,0.2,1.0,0.7,2.7
Julyan Stone,UTEP,138,.425,.265,.617,5.5,5.2,1.5,0.4,1.9,5.8
Isaiah Thomas,Washington,105,.426,.325,.713,3.5,4.0,1.2,0.1,2.7,16.4
Lance Thomas,Duke,140,.525,,.600,3.6,0.5,0.6,0.2,1.2,4.6
Malcolm Thomas,Louisiana-Monroe,39,.387,.380,.772,4.1,0.7,1.1,0.3,1.7,10.8
Trey Thompkins,Georgia,89,.469,.357,.729,7.8,1.4,1.0,1.3,2.6,15.7
Klay Thompson,Washington State,98,.424,.390,.827,4.8,2.6,1.3,0.8,2.9,17.9
Mychel Thompson,Pepperdine,128,.357,.326,.760,4.3,1.6,1.1,0.6,1.7,11.0
Tristan Thompson,North Texas,128,.439,.396,.816,2.8,1.3,0.6,0.1,1.7,12.7
Edwin Ubiles,Siena,131,.497,.353,.672,4.3,2.1,1.2,0.7,2.1,14.8
Kemba Walker,UConn,111,.428,.326,.783,4.4,4.1,1.7,0.3,2.3,16.1
Derrick Williams,Birmingham-Southern,27,.418,.431,.813,3.2,3.2,1.3,0.0,,11.1
Elliot Williams,Memphis,34,.459,.366,.758,4.0,3.8,1.3,0.1,2.9,17.9
Jordan Williams,Maryland,66,.528,,.559,10.2,0.4,0.7,1.2,1.3,13.2
Chris Wright,Dayton,123,.489,.229,.662,7.2,1.2,0.8,1.3,2.5,13.0
Jeff Adrien,UConn,133,.515,.333,.606,8.5,1.1,0.6,1.1,1.9,12.1
Solomon Alabi,Florida State,77,.534,.000,.745,5.4,0.4,0.5,2.1,1.7,9.1
Cole Aldrich,Kansas,111,.574,,.729,7.7,0.6,0.5,2.3,1.2,9.4
Al-Farouq Aminu,Wake Forest,62,.476,.238,.687,9.4,1.4,1.2,1.3,2.9,14.4
James Anderson,BYU,87,.463,,.390,1.3,0.2,0.1,0.4,0.2,1.6
Luke Babbitt,Nevada,68,.480,.421,.893,8.1,1.8,0.9,0.8,2.1,19.4
Eric Bledsoe,Kentucky,37,.462,.383,.667,3.1,2.9,1.4,0.3,3.0,11.3
Trevor Booker,Clemson,134,.559,.324,.624,7.9,1.7,1.1,1.9,1.9,12.9
Craig Brackins,Iowa State,96,.445,.292,.726,7.7,1.6,0.5,1.0,2.0,16.0
Avery Bradley,Texas,34,.432,.375,.545,2.9,2.1,1.3,0.5,1.5,11.6
Derrick Caracter,UTEP,27,.567,.267,.672,8.1,1.1,1.0,0.9,2.9,14.1
Sherron Collins,Kansas,143,.444,.377,.808,2.4,3.9,1.0,0.0,2.3,13.2
Marcus Cousin,Houston,62,.503,.000,.735,6.3,0.5,0.4,1.5,0.8,7.9
DeMarcus Cousins,Kentucky,38,.558,.167,.604,9.8,1.0,1.0,1.8,2.1,15.1
Jordan Crawford,Xavier,35,.462,.391,.773,4.7,2.9,1.3,0.2,2.4,20.5
Ed Davis,UNC,61,.548,,.623,7.7,0.7,0.4,2.1,1.4,9.2
Zabian Dowdell,Virginia Tech,122,.430,.367,.745,3.2,3.1,2.0,0.2,2.2,14.6
Devin Ebanks,West Virginia,69,.463,.114,.736,7.9,2.6,0.9,0.7,2.1,11.2
Jeremy Evans,Western Kentucky,134,.639,.364,.684,5.9,0.5,0.6,1.7,1.0,7.9
Patrick Ewing,,Georgetown,6.0,,3.3,9.2,0.9,1.2,3.4,2.3,15.3
Derrick Favors,Georgia Tech,36,.611,.000,.629,8.4,1.0,0.9,2.1,2.5,12.4
Landry Fields,Stanford,129,.463,.342,.676,5.0,1.6,0.9,0.4,1.5,10.8
Gary Forbes,UMass,69,.415,.304,.690,6.7,2.8,1.0,0.6,2.8,16.3
Paul George,Fresno State,63,.447,.396,.803,6.7,2.4,2.0,0.9,2.7,15.5
Blake Griffin,Oklahoma,68,.618,.300,.589,11.8,2.1,1.1,1.0,2.8,18.8
Luke Harangody,Notre Dame,129,.476,.326,.782,9.5,1.6,0.8,0.7,1.8,19.2
Manny Harris,Michigan,98,.406,.318,.827,5.7,3.7,1.5,0.4,3.2,17.0
Gordon Hayward,Butler,69,.470,.369,.824,7.4,1.8,1.3,0.9,2.0,14.4
Lazar Hayward,Marquette,138,.452,.357,.789,6.6,0.9,1.1,0.3,1.7,13.5
Xavier Henry,Kansas,36,.458,.418,.783,4.4,1.5,1.5,0.5,1.9,13.4
Damion James,Texas,142,.479,.364,.640,9.3,1.1,1.0,1.1,1.8,13.5
Armon Johnson,Nevada,101,.467,.289,.750,3.7,4.4,0.8,0.2,2.7,14.3
Chris Johnson,Dayton,138,.427,.371,.826,6.1,1.1,0.8,0.4,1.1,10.6
Wesley Johnson,Charleston Southern,52,.529,,.508,1.5,0.1,0.2,0.3,0.3,1.6
Dominique Jones,South Florida,95,.442,.323,.737,5.4,3.5,1.5,0.4,2.6,18.9
Gani Lawal,Georgia Tech,99,.548,.000,.552,7.2,0.4,0.6,1.3,2.1,11.8
Jeremy Lin,Harvard,115,.481,.333,.733,4.3,3.5,2.0,0.6,2.9,12.9
Greg Monroe,Georgetown,65,.543,.273,.677,8.2,3.2,1.5,1.5,2.9,14.5
Hamady N'Diaye,Rutgers,124,.539,.000,.592,5.5,0.4,0.4,2.9,1.4,5.8
Gary Neal,Towson,49,.446,.360,.823,4.1,3.3,1.6,0.2,2.7,25.6
Larry Owens,Oral Roberts,66,.545,.346,.569,7.7,2.8,1.6,1.1,2.3,10.9
Patrick Patterson,Kentucky,97,.585,.329,.734,8.2,1.5,0.7,1.6,1.6,16.1
Dexter Pittman,Texas,134,.623,,.601,3.9,0.3,0.2,0.9,1.1,6.6
Quincy Pondexter,Washington,136,.503,.327,.768,5.6,1.7,0.8,0.3,1.9,13.1
Andy Rautins,Syracuse,127,.396,.374,.763,2.6,2.7,1.4,0.2,1.7,8.8
Samardo Samuels,Louisville,70,.549,.000,.689,5.9,1.1,0.6,1.2,2.3,13.5
Larry Sanders,VCU,101,.520,.250,.577,7.7,0.5,0.6,2.7,1.5,10.3
Mustafa Shakur,Arizona,131,.452,.355,.786,3.7,5.1,1.2,0.1,3.0,10.1
Lance Stephenson,Cincinnati,34,.440,.219,.664,5.4,2.5,0.9,0.2,2.4,12.3
Evan Turner,Ohio State,101,.502,.362,.758,6.8,4.1,1.6,0.7,3.5,15.0
Ekpe Udoh,Baylor,36,.490,.269,.685,9.8,2.7,0.8,3.7,2.4,13.9
Ben Uzoh,Tulsa,141,.454,.349,.782,5.0,3.0,1.1,0.7,2.4,13.8
John Wall,Kentucky,37,.461,.325,.754,4.3,6.5,1.8,0.5,4.0,16.6
Willie Warren,Oklahoma,57,.459,.350,.788,2.6,3.5,1.1,0.1,2.8,15.2
Hassan Whiteside,Marshall,34,.524,.600,.588,8.9,0.3,0.6,5.4,1.9,13.1
Antonio Anderson,Memphis,150,.418,.308,.648,4.0,3.6,1.4,0.3,1.6,8.5
DeJuan Blair,Pitt,72,.568,,.614,10.7,1.1,1.6,1.0,1.6,13.6
Jon Brockman,Washington,131,.534,.000,.612,9.8,1.0,0.8,0.1,2.1,13.8
Derrick Brown,Xavier,106,.573,.415,.718,5.6,1.5,0.7,0.8,1.6,10.3
Chase Budinger,Arizona,100,.469,.383,.782,5.8,2.8,1.3,0.4,2.1,17.0
DeMarre Carroll,Missouri,70,.549,.311,.624,6.9,1.8,1.4,0.7,1.5,14.9
Earl Clark,Louisville,104,.467,.298,.640,7.0,1.7,0.9,1.2,2.1,10.6
Darren Collison,UCLA,142,.475,.435,.851,2.3,4.1,1.6,0.1,2.4,11.5
Dante Cunningham,Villanova,139,.524,.333,.693,5.9,1.0,1.2,0.8,1.8,9.6
JamesOn Curry,Oklahoma State,101,.437,.404,.758,2.9,3.5,1.0,0.2,2.8,13.5
Stephen Curry,Davidson,104,.467,.412,.876,4.5,3.7,2.1,0.3,3.0,25.3
Austin Daye,Gonzaga,67,.477,.422,.790,5.8,1.0,0.7,1.9,1.9,11.6
DeMar DeRozan,USC,35,.523,.167,.646,5.7,1.5,0.9,0.4,2.1,13.9
Toney Douglas,Florida State,99,.448,.376,.806,3.3,2.9,1.9,0.3,2.6,16.7
Wayne Ellington,UNC,115,.463,.397,.809,4.1,2.2,0.9,0.1,1.5,14.7
Tyreke Evans,Memphis,37,.455,.274,.711,5.4,3.9,2.1,0.8,3.6,17.1
Jonny Flynn,Syracuse,73,.460,.333,.782,2.7,6.0,1.5,0.2,3.1,16.6
Sundiata Gaines,Georgia,123,.411,.303,.591,5.5,3.9,2.1,0.2,2.6,11.9
Alonzo Gee,Alabama,128,.447,.325,.632,5.7,1.3,1.2,0.4,2.1,12.7
Taj Gibson,USC,105,.580,,.629,8.5,1.4,0.7,2.4,2.5,12.4
Trey Gilder,Northwestern State,60,.497,.263,.782,4.9,1.5,1.3,0.6,2.5,14.5
Danny Green,UNC,145,.455,.375,.845,4.1,1.8,1.1,1.1,1.4,9.4
Taylor Griffin,Oklahoma,129,.468,.220,.721,4.8,1.0,0.9,0.8,1.4,6.6
Tyler Hansbrough,UNC,142,.536,.316,.791,8.6,1.1,1.3,0.5,2.1,20.2
James Harden,Arizona State,69,.506,.376,.755,5.4,3.7,1.9,0.4,3.0,19.0
Gerald Henderson,2.5,0.2,-5.87,6.6,1.7,3.2,2.5,2.1,0.3,4.2,15.0
Jordan Hill,Arizona,97,.578,,.636,7.9,0.8,0.5,1.4,2.0,12.5
Jrue Holiday,UCLA,35,.450,.307,.726,3.8,3.7,1.6,0.5,2.1,8.5
Lester Hudson,UT-Martin,65,.456,.372,.858,7.9,4.4,2.6,0.6,3.6,26.6
Chris Hunter,Michigan,105,.464,.318,.749,3.5,0.5,0.5,0.9,1.5,7.0
Cedric Jackson,Cleveland State,71,.405,.350,.659,5.3,5.2,2.8,0.2,3.7,12.3
Othyus Jeffers,UIC,63,.477,.167,.607,8.1,2.8,1.3,0.4,2.8,13.5
Brandon Jennings,Fort Wayne,52,.448,.333,.771,2.6,0.6,0.5,0.0,0.6,3.3
James Johnson,Quinnipiac,127,.385,.370,.792,3.5,3.8,1.5,0.1,2.2,13.6
Oliver Lafayette,Houston,64,.359,.322,.725,5.1,2.5,2.9,0.2,2.0,15.0
Marcus Landry,Wisconsin,121,.490,.361,.670,4.2,1.2,0.6,0.8,1.5,9.2
Ty Lawson,UNC,105,.517,.403,.780,2.9,5.8,1.8,0.1,2.1,13.1
Wesley Matthews,Marquette,127,.444,.341,.799,4.9,2.1,1.2,0.3,2.2,13.2
Eric Maynor,VCU,130,.449,.370,.791,3.4,5.2,1.3,0.2,2.4,15.0
Jodie Meeks,Kentucky,81,.436,.386,.890,3.0,1.6,1.1,0.1,1.8,15.4
A.J. Price,UConn,99,.413,.365,.722,3.4,4.7,1.1,0.1,2.4,13.0
DaJuan Summers,Georgetown,101,.439,.353,.727,4.4,1.3,1.0,0.6,2.2,11.2
Jermaine Taylor,UCF,122,.466,.376,.764,3.9,1.4,0.9,0.4,2.2,16.2
Jeff Teague,Wake Forest,61,.462,.421,.812,3.0,3.0,1.9,0.6,3.0,16.4
Garrett Temple,LSU,134,.371,.278,.783,3.7,3.6,1.4,0.8,2.2,6.7
Hasheem Thabeet,UConn,100,.611,,.625,8.5,0.4,0.4,4.2,1.8,10.3
Marcus Thornton,LSU,66,.455,.382,.771,5.5,1.8,1.5,0.3,2.0,20.4
Reggie Williams,Georgetown,138,.490,.386,.768,6.4,2.4,1.5,0.5,2.3,15.3
Terrence Williams,Louisville,140,.400,.320,.589,6.9,3.9,1.5,0.6,2.4,11.2
Sam Young,Pitt,143,.498,.356,.692,5.0,1.0,0.8,0.8,1.9,13.2
Joe Alexander,West Virginia,82,.447,.295,.765,4.8,2.0,0.6,1.2,1.8,12.1
Ryan Anderson,California,66,.484,.396,.841,9.0,1.0,0.5,0.5,1.8,18.7
Darrell Arthur,Kansas,78,.541,.118,.676,5.5,0.6,0.7,1.4,1.6,11.3
D.J. Augustin,Texas,73,.443,.402,.808,2.9,6.2,1.4,0.0,3.0,16.9
Jerryd Bayless,Arizona,30,.458,.407,.839,2.7,4.0,1.0,0.1,3.0,19.7
Michael Beasley,Kansas State,33,.532,.379,.774,12.4,1.2,1.3,1.6,2.9,26.2
Bobby Brown,Cal State Fullerton,116,.428,.377,.789,2.5,4.4,1.3,0.1,3.1,16.9
Mario Chalmers,Kansas,110,.486,.419,.767,2.8,3.8,2.6,0.4,2.4,12.2
Joe Crawford,Kentucky,127,.438,.350,.702,3.4,1.5,0.5,0.2,1.6,11.3
Joey Dorsey,Memphis,149,.614,,.420,8.1,0.5,1.1,1.8,1.3,6.7
Chris Douglas-Roberts,Memphis,109,.540,.372,.725,3.7,1.7,1.0,0.4,2.0,14.2
J.R. Giddens,New Mexico,59,.481,.313,.588,7.8,2.8,1.2,0.9,2.4,16.1
Eric Gordon,Indiana,32,.433,.337,.834,3.3,2.4,1.3,0.6,3.6,20.9
Malik Hairston,Oregon,117,.504,.395,.643,5.1,2.1,0.6,0.6,2.0,14.1
Roy Hibbert,Georgetown,136,.603,1.000,.680,5.9,1.3,0.4,1.9,1.5,10.9
J.J. Hickson,NC State,31,.591,.000,.677,8.5,1.0,0.7,1.5,2.7,14.8
George Hill,IUPUI,95,.529,.404,.785,5.8,3.3,1.6,0.3,2.5,17.0
Steven Hill,Arkansas,132,.589,.000,.519,3.3,0.3,0.7,2.4,1.0,4.0
Othello Hunter,Ohio State,76,.583,.308,.603,5.5,0.6,0.5,1.3,1.0,7.8
Darnell Jackson,Kansas,125,.580,.333,.685,4.9,0.5,0.5,0.4,1.0,6.8
Dontell Jefferson,Arkansas,62,.389,.277,.670,2.6,3.3,1.1,0.3,2.0,3.6
Trey Johnson,Jackson State,67,.431,.375,.746,4.7,2.4,1.2,0.1,3.2,25.3
DeAndre Jordan,Texas A&M,35,.617,,.437,6.0,0.4,0.2,1.3,1.6,7.9
Kosta Koufos,Ohio State,37,.508,.349,.680,6.7,0.5,0.4,1.8,1.5,14.4
Rob Kurz,Notre Dame,108,.468,.409,.810,6.0,1.3,0.6,1.1,1.5,9.4
Courtney Lee,Western Kentucky,127,.464,.401,.817,5.2,2.2,1.9,0.6,2.5,17.6
Brook Lopez,Stanford,53,.480,.143,.764,7.1,1.1,0.5,1.9,2.1,16.0
Robin Lopez,Stanford,67,.511,.500,.612,5.6,0.8,0.3,2.3,1.6,9.0
Kevin Love,UCLA,39,.559,.354,.767,10.6,1.9,0.7,1.4,2.0,17.5
Cartier Martin,Kansas State,112,.458,.399,.780,4.8,1.5,0.7,0.2,1.7,13.8
O.J. Mayo,USC,33,.442,.409,.803,4.5,3.3,1.5,0.4,3.5,20.7
JaVale McGee,Nevada,66,.542,.356,.514,4.8,0.3,0.5,1.8,1.6,8.7
Anthony Morrow,Georgia Tech,123,.437,.421,.867,3.3,1.0,0.8,0.2,1.1,11.4
DeMarcus Nelson,Duke,124,.466,.373,.586,4.9,1.8,1.2,0.3,2.1,10.8
Greg Oden,Ohio State,32,.616,,.628,9.6,0.7,0.6,3.3,2.0,15.7
Anthony Randolph,LSU,31,.464,.105,.693,8.5,1.2,1.1,2.3,3.0,15.6
Derrick Rose,Memphis,40,.477,.337,.712,4.5,4.7,1.2,0.4,2.7,14.9
Brandon Rush,Kansas,109,.449,.435,.733,5.5,2.0,0.7,0.8,2.1,13.6
Walter Sharpe,Alabama-Birmingham,12,.523,.000,.523,6.8,1.7,1.2,1.8,2.8,14.2
Sean Singletary,Virginia,123,.406,.362,.846,4.0,4.8,1.6,0.1,3.3,16.9
Marreese Speights,Florida,69,.633,,.688,5.4,0.5,0.3,0.9,1.1,9.5
Mike Taylor,Iowa State,31,.376,.360,.682,4.1,4.5,1.1,0.1,5.4,16.0
Jason Thompson,Rider,122,.526,.291,.667,9.6,2.0,0.9,1.9,2.6,16.7
Anthony Tolliver,Creighton,124,.491,.333,.671,4.9,1.1,0.6,1.1,1.4,8.1
Kyle Weaver,Washington State,121,.464,.277,.716,4.7,3.8,1.6,0.8,2.6,9.6
Sonny Weems,Arkansas,69,.473,.366,.767,4.6,2.3,1.3,0.3,2.7,13.3
Russell Westbrook,UCLA,75,.464,.354,.685,2.4,2.5,1.0,0.1,1.6,8.3
D.J. White,Indiana,99,.562,.333,.690,7.6,0.9,0.7,2.0,1.7,14.6
Jawad Williams,UNC,128,.487,.349,.724,4.8,1.5,0.7,0.7,1.6,12.7
